Browser,true_x_res,true_y_res,x_adjustment,y_adjustment,Params_TravelTime,Params_yOffset,Params_Reach,Params_ScreenWidth,Params_ScreenHeight,Params_Hz,Params_HzScale,Params_conf_linewidth,params_consent,WelcomeEscape.keys,WelcomeEscape.rt,InstMouse.x,InstMouse.y,InstMouse.leftButton,InstMouse.midButton,InstMouse.rightButton,key_resp_2.keys,key_resp_2.rt,EndDemoExplantion.keys,EndDemoExplantion.rt,Demo_speedCond,Demo_delta,Demo_xposTarget,Demo_yposTarget,Demo_Delay,Demo_AvSpeed,Demo_Success,Demo_motion,Demo_Click,Demo_RTms,DemoMouse.x,DemoMouse.y,DemoMouse.leftButton,DemoMouse.midButton,DemoMouse.rightButton,DemoMouse.time,DemoMouse.clicked_name,Demo_finalX,Demo_finalY,DemoFeedBackMoveOn.keys,DemoFeedBackMoveOn.rt,BlockLoop.thisRepN,BlockLoop.thisTrialN,BlockLoop.thisN,BlockLoop.thisIndex,BlockLoop.ran,BlockLoop.order,DemoLoop.thisRepN,DemoLoop.thisTrialN,DemoLoop.thisN,DemoLoop.thisIndex,DemoLoop.ran,DemoLoop.order,participant,Age,Gender,date,expName,psychopyVersion,OS,frameRate,InstSkip.keys,InstSkip.rt,MoveOn.keys,MoveOn.rt,Decision_Delta,Decision_xposTarget,Decision_yposTarget,Decision_SpeedCond,Decision_AvSpeed,Decision_delay,Decision_targetSide,Decision_placement,Decision_initplace,AvatarMouse.x,AvatarMouse.y,AvatarMouse.leftButton,AvatarMouse.midButton,AvatarMouse.rightButton,AvatarMouse.time,PlacingKeyboard.keys,PlacingKeyboard.rt,Decision_Driving,Decision_Click,Decision_RTms,DrivingMouse.x,DrivingMouse.y,DrivingMouse.leftButton,DrivingMouse.midButton,DrivingMouse.rightButton,DrivingMouse.time,DrivingMouse.clicked_name,Decision_finalX,Decision_finalY,Decision_success,TrialMoveOn.keys,TrialMoveOn.rt,DecisionTrialLoop.thisRepN,DecisionTrialLoop.thisTrialN,DecisionTrialLoop.thisN,DecisionTrialLoop.thisIndex,DecisionTrialLoop.ran,DecisionTrialLoop.order,key_resp.keys,key_resp.rt,Conf_mouse.x,Conf_mouse.y,Conf_mouse.leftButton,Conf_mouse.midButton,Conf_mouse.rightButton,Conf_mouse.time,Conf_resp.keys,Conf_resp.rt,Confidence_Delta,Confidence_resp,ConfidenceLoop.thisRepN,ConfidenceLoop.thisTrialN,ConfidenceLoop.thisN,ConfidenceLoop.thisIndex,ConfidenceLoop.ran,ConfidenceLoop.order,exp_duration
Chrome,1920,947,1,1,120,100,45,1200,600,60,1,300,Agreed,space,4.493999958,114,-88.5,0,0,0,space,5.402999878,space,6.992999792,const,500,400,0,132,3.5,0,"[""stopped"",""stopped"",""stopped"",""stopped"",""stopped"",""stopped"",""stopped"",""stopped"",""stopped"",""stopped"",""stopped"",""stopped"",""stopped"",""stopped"",""stopped"",""stopped"",""stopped"",""down"",""down"",""down"",""down"",""down"",""down"",""down"",""down"",""down"",""down"",""down"",""down"",""down"",""down"",""down"",""down"",""down"",""down"",""down"",""down"",""down"",""down"",""stopped"",""stopped"",""right"",""right"",""right"",""right"",""right"",""right"",""right"",""right"",""right"",""right"",""right"",""right"",""right"",""right"",""right"",""right"",""right"",""right"",""right"",""right"",""right"",""right"",""right"",""right"",""right"",""right"",""right"",""right"",""right"",""right"",""right"",""right"",""right"",""right"",""right"",""right"",""right"",""right"",""right"",""right"",""right"",""right"",""right"",""right"",""right"",""right"",""right"",""right"",""right"",""right"",""right"",""right"",""right"",""right"",""right"",""right"",""right"",""right"",""right"",""right"",""right"",""right"",""right"",""right"",""right"",""right"",""right"",""right"",""right"",""right"",""right"",""right"",""right"",""right"",""right"",""right"",""right"",""right"",""right"",""right""]","[0,0,0,0,0,0,0,0,0,0,0,0,0,0,0,0,0,1,1,1,1,1,1,1,1,1,1,1,1,1,1,1,1,1,1,1,1,1,1,0,0,1,1,1,1,1,1,1,1,1,1,1,1,1,1,1,1,1,1,1,1,1,1,1,1,1,1,1,1,1,1,1,1,1,1,1,1,1,1,1,1,1,1,1,1,1,1,1,1,1,1,1,1,1,1,1,1,1,1,1,1,1,1,1,1,1,1,1,1,1,1,1,1,1,1,1,1,1,1,1,1]",280,[-1],[-231.5],[1],[0],[0],[2.5],"[""DownClickDemo""]",0,100,space,0.261999846,1,0,1,0,1,0,8,0,8,0,1,7,PilotWJ1,26,Male,2020-07-13_15h59.00.391,AvatarManual,3.2.2,Win32,60,,,,,,,,,,,,,,,,,,,,,,,,,,,,,,,,,,,,,,,,,,,,,,,,,,,,,,,,,,,,,
,,,,,,,,,,,,,,,,,,,,,,,,,,500,400,0,69,3.5,0,"[""stopped"",""stopped"",""stopped"",""stopped"",""stopped"",""stopped"",""stopped"",""stopped"",""stopped"",""stopped"",""stopped"",""stopped"",""stopped"",""stopped"",""stopped"",""stopped"",""stopped"",""stopped"",""stopped"",""down"",""down"",""down"",""down"",""down"",""down"",""down"",""down"",""down"",""down"",""down"",""down"",""down"",""down"",""down"",""down"",""down"",""down"",""down"",""down"",""down"",""down"",""down"",""down"",""down"",""down"",""stopped"",""right"",""right"",""right"",""right"",""right"",""right"",""right"",""right"",""right"",""right"",""right"",""right"",""right"",""right"",""right"",""right"",""right"",""right"",""right"",""right"",""right"",""right"",""right"",""right"",""right"",""right"",""right"",""right"",""right"",""right"",""right"",""right"",""right"",""right"",""right"",""right"",""right"",""right"",""right"",""right"",""right"",""right"",""right"",""right"",""right"",""right"",""right"",""right"",""right"",""right"",""right"",""right"",""right"",""right"",""right"",""right"",""right"",""right"",""right"",""right"",""right"",""right"",""right"",""right"",""right"",""right"",""right"",""right"",""right"",""right"",""right"",""right"",""right"",""right"",""right""]","[0,0,0,0,0,0,0,0,0,0,0,0,0,0,0,0,0,0,0,1,1,1,1,1,1,1,1,1,1,1,1,1,1,1,1,1,1,1,1,1,1,1,1,1,1,0,1,1,1,1,1,1,1,1,1,1,1,1,1,1,1,1,1,1,1,1,1,1,1,1,1,1,1,1,1,1,1,1,1,1,1,1,1,1,1,1,1,1,1,1,1,1,1,1,1,1,1,1,1,1,1,1,1,1,1,1,1,1,1,1,1,1,1,1,1,1,1,1,1,1,1]",317,[-1],[-233.5],[1],[0],[0],[1.4499998092651367],"[""DownClickDemo""]",0,100,space,0.10199976,1,0,1,0,1,0,8,0,8,0,1,7,PilotWJ1,26,Male,2020-07-13_15h59.00.391,AvatarManual,3.2.2,Win32,60,,,,,,,,,,,,,,,,,,,,,,,,,,,,,,,,,,,,,,,,,,,,,,,,,,,,,,,,,,,,,
,,,,,,,,,,,,,,,,,,,,,,,,,,300,-200,0,97,3.5,1,"[""stopped"",""stopped"",""stopped"",""stopped"",""stopped"",""stopped"",""stopped"",""stopped"",""stopped"",""stopped"",""stopped"",""stopped"",""stopped"",""stopped"",""stopped"",""stopped"",""stopped"",""stopped"",""stopped"",""stopped"",""stopped"",""down"",""down"",""down"",""down"",""down"",""down"",""down"",""down"",""down"",""down"",""down"",""down"",""down"",""down"",""down"",""down"",""down"",""down"",""down"",""down"",""down"",""down"",""down"",""down"",""down"",""stopped"",""stopped"",""left"",""left"",""left"",""left"",""left"",""left"",""left"",""left"",""left"",""left"",""left"",""left"",""left"",""left"",""left"",""left"",""left"",""left"",""left"",""left"",""left"",""left"",""left"",""left"",""left"",""left"",""left"",""left"",""left"",""left"",""left"",""left"",""left"",""left"",""left"",""left"",""left"",""left"",""left"",""left"",""left"",""left"",""left"",""left"",""left""]","[0,0,0,0,0,0,0,0,0,0,0,0,0,0,0,0,0,0,0,0,0,1,1,1,1,1,1,1,1,1,1,1,1,1,1,1,1,1,1,1,1,1,1,1,1,1,0,0,1,1,1,1,1,1,1,1,1,1,1,1,1,1,1,1,1,1,1,1,1,1,1,1,1,1,1,1,1,1,1,1,1,1,1,1,1,1,1,1,1,1,1,1,1]",348,[-3],[-236.5],[1],[0],[0],[1.9489998817443848],"[""DownClickDemo""]",0,100,space,0.372999907,1,0,1,0,1,0,8,0,8,0,1,7,PilotWJ1,26,Male,2020-07-13_15h59.00.391,AvatarManual,3.2.2,Win32,60,,,,,,,,,,,,,,,,,,,,,,,,,,,,,,,,,,,,,,,,,,,,,,,,,,,,,,,,,,,,,
,,,,,,,,,,,,,,,,,,,,,,,,,,200,-100,0,148,3.5,1,"[""stopped"",""stopped"",""stopped"",""stopped"",""stopped"",""stopped"",""stopped"",""stopped"",""stopped"",""stopped"",""stopped"",""stopped"",""stopped"",""stopped"",""stopped"",""stopped"",""stopped"",""stopped"",""down"",""down"",""down"",""down"",""down"",""down"",""down"",""down"",""down"",""down"",""down"",""down"",""down"",""down"",""down"",""down"",""down"",""down"",""down"",""down"",""down"",""down"",""down"",""down"",""down"",""down"",""down"",""stopped"",""stopped"",""stopped"",""stopped"",""stopped"",""stopped"",""stopped"",""stopped"",""stopped"",""stopped"",""stopped"",""stopped"",""stopped"",""stopped"",""stopped"",""stopped"",""stopped"",""stopped"",""stopped"",""stopped"",""stopped"",""left"",""left"",""left"",""left"",""left"",""left"",""left"",""left"",""left"",""left"",""left"",""left"",""left"",""left"",""left"",""left""]","[0,0,0,0,0,0,0,0,0,0,0,0,0,0,0,0,0,0,1,1,1,1,1,1,1,1,1,1,1,1,1,1,1,1,1,1,1,1,1,1,1,1,1,1,1,0,0,0,0,0,0,0,0,0,0,0,0,0,0,0,0,0,0,0,0,0,1,1,1,1,1,1,1,1,1,1,1,1,1,1,1,1]",300,"[-4,-4]","[-224.5,-240.5]","[1,1]","[0,0]","[0,0]","[1.7170000076293945,5.483999967575073]","[""DownClickDemo"",""DownClickDemo""]",0,100,space,0.292000055,1,0,1,0,1,0,8,0,8,0,1,7,PilotWJ1,26,Male,2020-07-13_15h59.00.391,AvatarManual,3.2.2,Win32,60,,,,,,,,,,,,,,,,,,,,,,,,,,,,,,,,,,,,,,,,,,,,,,,,,,,,,,,,,,,,,
,,,,,,,,,,,,,,,,,,,,,,,,,,400,300,0,78,3.5,0,"[""stopped"",""stopped"",""stopped"",""stopped"",""stopped"",""stopped"",""stopped"",""stopped"",""stopped"",""stopped"",""stopped"",""stopped"",""stopped"",""stopped"",""stopped"",""stopped"",""stopped"",""stopped"",""stopped"",""stopped"",""stopped"",""down"",""down"",""down"",""down"",""down"",""down"",""down"",""down"",""down"",""down"",""down"",""down"",""down"",""down"",""down"",""down"",""down"",""down"",""down"",""down"",""down"",""down"",""down"",""down"",""down"",""down"",""stopped"",""right"",""right"",""right"",""right"",""right"",""right"",""right"",""right"",""right"",""right"",""right"",""right"",""right"",""right"",""right"",""right"",""right"",""right"",""right"",""right"",""right"",""right"",""right"",""right"",""right"",""right"",""right"",""right"",""right"",""right"",""right"",""right"",""right"",""right"",""right"",""right"",""right"",""right"",""right"",""right"",""right"",""right"",""right"",""right"",""right"",""right"",""right"",""right"",""right"",""right"",""right"",""right"",""right"",""right"",""right"",""right"",""right"",""right"",""right"",""right"",""right"",""right"",""right"",""right"",""right"",""right"",""right"",""right"",""right"",""right"",""right"",""right"",""right""]","[0,0,0,0,0,0,0,0,0,0,0,0,0,0,0,0,0,0,0,0,0,1,1,1,1,1,1,1,1,1,1,1,1,1,1,1,1,1,1,1,1,1,1,1,1,1,1,0,1,1,1,1,1,1,1,1,1,1,1,1,1,1,1,1,1,1,1,1,1,1,1,1,1,1,1,1,1,1,1,1,1,1,1,1,1,1,1,1,1,1,1,1,1,1,1,1,1,1,1,1,1,1,1,1,1,1,1,1,1,1,1,1,1,1,1,1,1,1,1,1,1]",349,[1],[-229.5],[1],[0],[0],[2.6670000553131104],"[""DownClickDemo""]",0,100,space,0.029000044,1,0,1,0,1,0,8,0,8,0,1,7,PilotWJ1,26,Male,2020-07-13_15h59.00.391,AvatarManual,3.2.2,Win32,60,,,,,,,,,,,,,,,,,,,,,,,,,,,,,,,,,,,,,,,,,,,,,,,,,,,,,,,,,,,,,
,,,,,,,,,,,,,,,,,,,,,,,,,,300,-200,0,62,3.5,1,"[""stopped"",""stopped"",""stopped"",""stopped"",""stopped"",""stopped"",""stopped"",""stopped"",""stopped"",""stopped"",""stopped"",""stopped"",""stopped"",""stopped"",""stopped"",""stopped"",""stopped"",""stopped"",""stopped"",""stopped"",""stopped"",""stopped"",""stopped"",""stopped"",""stopped"",""stopped"",""stopped"",""stopped"",""stopped"",""stopped"",""down"",""down"",""down"",""down"",""down"",""down"",""down"",""down"",""down"",""down"",""down"",""down"",""down"",""down"",""down"",""down"",""down"",""down"",""down"",""down"",""down"",""down"",""down"",""down"",""stopped"",""stopped"",""left"",""left"",""stopped"",""stopped"",""stopped"",""stopped"",""stopped"",""stopped"",""stopped"",""stopped"",""stopped"",""stopped"",""stopped"",""stopped"",""stopped"",""stopped"",""stopped"",""stopped"",""left"",""left"",""left"",""left"",""left"",""left"",""left"",""left"",""left"",""left"",""left"",""left"",""left"",""left"",""left"",""left"",""left"",""left"",""left"",""left"",""left"",""left"",""left"",""left"",""left"",""left"",""left"",""left"",""left"",""left"",""left"",""left"",""left"",""left"",""left"",""left"",""left"",""left"",""left"",""left"",""left"",""left"",""left"",""left""]","[0,0,0,0,0,0,0,0,0,0,0,0,0,0,0,0,0,0,0,0,0,0,0,0,0,0,0,0,0,0,1,1,1,1,1,1,1,1,1,1,1,1,1,1,1,1,1,1,1,1,1,1,1,1,0,0,1,1,0,0,0,0,0,0,0,0,0,0,0,0,0,0,0,0,1,1,1,1,1,1,1,1,1,1,1,1,1,1,1,1,1,1,1,1,1,1,1,1,1,1,1,1,1,1,1,1,1,1,1,1,1,1,1,1,1,1,1,1]",498,[-2],[-230.5],[1],[0],[0],[1.5169999599456787],"[""DownClickDemo""]",0,100,space,0.770999908,1,0,1,0,1,0,8,0,8,0,1,7,PilotWJ1,26,Male,2020-07-13_15h59.00.391,AvatarManual,3.2.2,Win32,60,,,,,,,,,,,,,,,,,,,,,,,,,,,,,,,,,,,,,,,,,,,,,,,,,,,,,,,,,,,,,
,,,,,,,,,,,,,,,,,,,,,,,,,,400,-300,0,104,3.5,0,"[""stopped"",""stopped"",""stopped"",""stopped"",""stopped"",""stopped"",""stopped"",""stopped"",""stopped"",""stopped"",""stopped"",""stopped"",""stopped"",""stopped"",""stopped"",""stopped"",""stopped"",""stopped"",""stopped"",""stopped"",""stopped"",""stopped"",""stopped"",""stopped"",""stopped"",""down"",""down"",""down"",""down"",""down"",""down"",""down"",""down"",""down"",""down"",""down"",""down"",""down"",""down"",""down"",""down"",""down"",""down"",""down"",""down"",""down"",""down"",""down"",""down"",""down"",""down"",""down"",""stopped"",""left"",""left"",""left"",""left"",""left"",""left"",""left"",""left"",""left"",""left"",""left"",""left"",""left"",""left"",""left"",""left"",""left"",""left"",""left"",""left"",""left"",""left"",""left"",""left"",""left"",""left"",""left"",""left"",""left"",""left"",""left"",""left"",""left"",""left"",""left"",""left"",""left"",""left"",""left"",""left"",""left"",""left"",""left"",""left"",""left"",""left"",""left"",""left"",""left"",""left"",""left"",""left"",""left"",""left"",""left"",""left"",""left"",""left"",""left"",""left"",""left"",""left"",""left"",""left"",""left"",""left"",""left"",""left""]","[0,0,0,0,0,0,0,0,0,0,0,0,0,0,0,0,0,0,0,0,0,0,0,0,0,1,1,1,1,1,1,1,1,1,1,1,1,1,1,1,1,1,1,1,1,1,1,1,1,1,1,1,0,1,1,1,1,1,1,1,1,1,1,1,1,1,1,1,1,1,1,1,1,1,1,1,1,1,1,1,1,1,1,1,1,1,1,1,1,1,1,1,1,1,1,1,1,1,1,1,1,1,1,1,1,1,1,1,1,1,1,1,1,1,1,1,1,1,1,1,1]",417,[-6],[-239.5],[1],[0],[0],[2.134000062942505],"[""DownClickDemo""]",0,100,space,0.40899992,1,0,1,0,1,0,8,0,8,0,1,7,PilotWJ1,26,Male,2020-07-13_15h59.00.391,AvatarManual,3.2.2,Win32,60,,,,,,,,,,,,,,,,,,,,,,,,,,,,,,,,,,,,,,,,,,,,,,,,,,,,,,,,,,,,,
,,,,,,,,,,,,,,,,,,,,,,,,,,200,-100,0,93,3.5,1,"[""stopped"",""stopped"",""stopped"",""stopped"",""stopped"",""stopped"",""stopped"",""stopped"",""stopped"",""stopped"",""stopped"",""stopped"",""stopped"",""stopped"",""stopped"",""stopped"",""stopped"",""stopped"",""down"",""down"",""down"",""down"",""down"",""down"",""down"",""down"",""down"",""down"",""down"",""down"",""down"",""down"",""down"",""down"",""down"",""down"",""down"",""down"",""down"",""down"",""down"",""down"",""down"",""stopped"",""left"",""left"",""left"",""left"",""left"",""left"",""left"",""left"",""left"",""left"",""left"",""left"",""left"",""left"",""left"",""left"",""left""]","[0,0,0,0,0,0,0,0,0,0,0,0,0,0,0,0,0,0,1,1,1,1,1,1,1,1,1,1,1,1,1,1,1,1,1,1,1,1,1,1,1,1,1,0,1,1,1,1,1,1,1,1,1,1,1,1,1,1,1,1,1]",297,[-12],[-235.5],[1],[0],[0],[1.8339998722076416],"[""DownClickDemo""]",0,100,space,0.866999865,1,0,1,0,1,0,8,0,8,0,1,7,PilotWJ1,26,Male,2020-07-13_15h59.00.391,AvatarManual,3.2.2,Win32,60,,,,,,,,,,,,,,,,,,,,,,,,,,,,,,,,,,,,,,,,,,,,,,,,,,,,,,,,,,,,,
,,,,,,,,,,,,,,,,,,,,,,,,,,,,,,,,,,,,,,,,,,,,,,1,0,1,0,1,0,,,,,,,PilotWJ1,26,Male,2020-07-13_15h59.00.391,AvatarManual,3.2.2,Win32,60,space,0.055999756,space,0.042999983,400,300,0,const,3.5,134,left,-268,-5,"[3,3,3,3,3,3,3,3,3,3,3,3,3,3,3,3,3,3,3,3,3,3,3,3,3,3,3,3,3,0,-2,-2,-2,-1,-1,-1,-1,-3,-4,-6,-8,-8,-8,-8,-8,-8,-8,-8,-8,-8,-25,-48,-71,-96,-115,-127,-138,-152,-171,-190,-206,-219,-234,-248,-266,-276,-278,-279,-279,-279,-279,-279,-278,-276,-273,-272,-271,-271,-271,-270,-269,-268,-268,-268,-268,-268,-268,-268,-268,-267,-263,-251,-228,-202,-177,-153,-131,-109,-85,-71,-60,-54,-51,-48,-45,-42,-38,-37,-35,-31,-26,-20,-16,-14,-14,-13,-13,-13,-13,-13,-13]","[-154.5,-154.5,-154.5,-154.5,-154.5,-154.5,-154.5,-154.5,-154.5,-154.5,-154.5,-154.5,-154.5,-154.5,-154.5,-154.5,-154.5,-154.5,-154.5,-154.5,-154.5,-152.5,-144.5,-125.5,-100.5,-67.5,-40.5,-16.5,3.5,22.5,35.5,45.5,51.5,54.5,57.5,60.5,63.5,69.5,74.5,77.5,81.5,81.5,81.5,81.5,81.5,81.5,81.5,81.5,81.5,81.5,82.5,82.5,82.5,79.5,77.5,77.5,77.5,81.5,85.5,89.5,91.5,91.5,92.5,92.5,93.5,94.5,94.5,94.5,94.5,95.5,95.5,95.5,95.5,96.5,97.5,98.5,99.5,99.5,99.5,99.5,100.5,101.5,101.5,101.5,101.5,101.5,101.5,101.5,100.5,96.5,85.5,66.5,32.5,-5.5,-41.5,-73.5,-99.5,-120.5,-136.5,-146.5,-152.5,-155.5,-156.5,-157.5,-159.5,-161.5,-163.5,-164.5,-165.5,-168.5,-172.5,-177.5,-181.5,-184.5,-185.5,-185.5,-185.5,-185.5,-185.5,-185.5,-185.5]","[0,0,0,0,0,0,0,0,0,0,0,0,0,0,0,0,0,0,0,0,0,0,0,0,0,0,0,0,0,0,0,0,0,0,0,0,0,0,0,0,0,0,0,0,0,0,0,0,0,0,0,0,0,0,0,0,0,0,0,0,0,0,0,0,0,0,0,0,0,0,0,0,0,0,0,0,0,0,0,0,1,1,1,1,1,0,0,0,0,0,0,0,0,0,0,0,0,0,0,0,0,0,0,0,0,0,0,0,0,0,0,0,0,0,0,0,0,0,0,0,1]","[0,0,0,0,0,0,0,0,0,0,0,0,0,0,0,0,0,0,0,0,0,0,0,0,0,0,0,0,0,0,0,0,0,0,0,0,0,0,0,0,0,0,0,0,0,0,0,0,0,0,0,0,0,0,0,0,0,0,0,0,0,0,0,0,0,0,0,0,0,0,0,0,0,0,0,0,0,0,0,0,0,0,0,0,0,0,0,0,0,0,0,0,0,0,0,0,0,0,0,0,0,0,0,0,0,0,0,0,0,0,0,0,0,0,0,0,0,0,0,0,0]","[0,0,0,0,0,0,0,0,0,0,0,0,0,0,0,0,0,0,0,0,0,0,0,0,0,0,0,0,0,0,0,0,0,0,0,0,0,0,0,0,0,0,0,0,0,0,0,0,0,0,0,0,0,0,0,0,0,0,0,0,0,0,0,0,0,0,0,0,0,0,0,0,0,0,0,0,0,0,0,0,0,0,0,0,0,0,0,0,0,0,0,0,0,0,0,0,0,0,0,0,0,0,0,0,0,0,0,0,0,0,0,0,0,0,0,0,0,0,0,0,0]","[0.0009999275207519531,0.012000083923339844,0.029000043869018555,0.046000003814697266,0.06299996376037598,0.07899999618530273,0.09599995613098145,0.1119999885559082,0.12899994850158691,0.14599990844726562,0.16199994087219238,0.18000006675720215,0.19700002670288086,0.21300005912780762,0.23000001907348633,0.24600005149841309,0.2630000114440918,0.2799999713897705,0.2969999313354492,0.312999963760376,0.3299999237060547,0.3469998836517334,0.36299991607666016,0.37999987602233887,0.3970000743865967,0.41299986839294434,0.43000006675720215,0.4459998607635498,0.4630000591278076,0.48000001907348633,0.4960000514984131,0.5130000114440918,0.5299999713897705,0.5460000038146973,0.562999963760376,0.5799999237060547,0.5959999561309814,0.6129999160766602,0.6299998760223389,0.6459999084472656,0.6629998683929443,0.6789999008178711,0.6959998607635498,0.7130000591278076,0.7290000915527344,0.7460000514984131,0.7630000114440918,0.7790000438690186,0.7960000038146973,0.812999963760376,0.8299999237060547,0.8469998836517334,0.8629999160766602,0.8799998760223389,0.8959999084472656,0.9129998683929443,0.9300000667572021,0.9459998607635498,0.9630000591278076,0.9800000190734863,0.9960000514984131,1.0130000114440918,1.0299999713897705,1.0460000038146973,1.062999963760376,1.0799999237060547,1.0959999561309814,1.1129999160766602,1.128999948501587,1.1470000743865967,1.1629998683929443,1.1800000667572021,1.1970000267028809,1.2139999866485596,1.2300000190734863,1.246999979019165,1.2639999389648438,1.2799999713897705,1.2960000038146973,1.312999963760376,1.3310000896453857,1.3480000495910645,1.3640000820159912,1.38100004196167,1.3970000743865967,1.4129998683929443,1.4300000667572021,1.4470000267028809,1.4630000591278076,1.4809999465942383,1.496999979019165,1.5130000114440918,1.5299999713897705,1.5469999313354492,1.562999963760376,1.5799999237060547,1.5969998836517334,1.6129999160766602,1.6299998760223389,1.6470000743865967,1.6629998683929443,1.6800000667572021,1.6970000267028809,1.7130000591278076,1.7300000190734863,1.746999979019165,1.7630000114440918,1.7799999713897705,1.7969999313354492,1.812999963760376,1.8299999237060547,1.8469998836517334,1.8629999160766602,1.8799998760223389,1.8970000743865967,1.9129998683929443,1.928999900817871,1.9459998607635498,1.9630000591278076,1.9800000190734863,1.996000051498413]",,,"[""stopped"",""stopped"",""stopped"",""stopped"",""stopped"",""stopped"",""stopped"",""stopped"",""stopped"",""stopped"",""stopped"",""stopped"",""stopped"",""stopped"",""stopped"",""stopped"",""stopped"",""stopped"",""down"",""down"",""down"",""down"",""down"",""down"",""down"",""down"",""down"",""down"",""down"",""down"",""down"",""down"",""down"",""down"",""down"",""down"",""down"",""down""]","[0,0,0,0,0,0,0,0,0,0,0,0,0,0,0,0,0,0,1,1,1,1,1,1,1,1,1,1,1,1,1,1,1,1,1,1,1,1]",299,"[0,0,0,0,0,0,0,0,0,0,0,0,0,0,0,0,0,0,0,0,0,0,0,0,0,0,0,0,0,0,0,0,0,0,0,0,0]","[-241.5,-241.5,-241.5,-241.5,-241.5,-241.5,-241.5,-241.5,-241.5,-241.5,-241.5,-241.5,-241.5,-241.5,-241.5,-241.5,-241.5,-241.5,-241.5,-241.5,-241.5,-241.5,-241.5,-241.5,-241.5,-241.5,-241.5,-241.5,-241.5,-241.5,-241.5,-241.5,-241.5,-241.5,-241.5,-241.5,-241.5]","[0,0,0,0,0,0,0,0,0,0,0,0,0,0,0,0,0,1,1,1,1,1,1,1,1,1,1,1,1,1,1,1,1,1,1,1,1]","[0,0,0,0,0,0,0,0,0,0,0,0,0,0,0,0,0,0,0,0,0,0,0,0,0,0,0,0,0,0,0,0,0,0,0,0,0]","[0,0,0,0,0,0,0,0,0,0,0,0,0,0,0,0,0,0,0,0,0,0,0,0,0,0,0,0,0,0,0,0,0,0,0,0,0]","[0,0.01699995994567871,0.03299999237060547,0.04999995231628418,0.06699991226196289,0.0840001106262207,0.10000014305114746,0.11700010299682617,0.13400006294250488,0.15000009536743164,0.16700005531311035,0.18400001525878906,0.20000004768371582,0.21700000762939453,0.2330000400543213,0.25,0.2669999599456787,0.28299999237060547,0.2990000247955322,0.31599998474121094,0.33299994468688965,0.35000014305114746,0.3659999370574951,0.38300013542175293,0.40000009536743164,0.4160001277923584,0.4330000877380371,0.44900012016296387,0.4660000801086426,0.4830000400543213,0.49900007247924805,0.5160000324249268,0.5329999923706055,0.5490000247955322,0.5659999847412109,0.5820000171661377,0.5989999771118164]","[""downClick"",""downClick"",""downClick"",""downClick"",""downClick"",""downClick"",""downClick"",""downClick"",""downClick"",""downClick"",""downClick"",""downClick"",""downClick"",""downClick"",""downClick"",""downClick"",""downClick"",""downClick"",""downClick"",""downClick"",""downClick"",""downClick"",""downClick"",""downClick"",""downClick"",""downClick"",""downClick"",""downClick"",""downClick"",""downClick"",""downClick"",""downClick"",""downClick"",""downClick"",""downClick"",""downClick"",""downClick""]",-268,30,1,space,1.100999832,4,0,4,0,1,3,,,,,,,,,,,,,,,,,,,
,,,,,,,,,,,,,,,,,,,,,,,,,,,,,,,,,,,,,,,,,,,,,,1,0,1,0,1,0,,,,,,,PilotWJ1,26,Male,2020-07-13_15h59.00.391,AvatarManual,3.2.2,Win32,60,,,,,500,400,0,const,3.5,106,right,-391,114,"[-19,-19,-19,-19,-19,-19,-19,-19,-19,-19,-19,-19,-19,-19,-19,-19,-19,-19,-19,-19,-19,-19,-19,-19,-19,-21,-24,-30,-39,-47,-55,-64,-73,-84,-97,-111,-128,-153,-177,-204,-227,-245,-259,-275,-289,-303,-318,-329,-338,-341,-342,-343,-345,-350,-355,-361,-366,-370,-376,-382,-389,-390,-390,-390,-391,-391,-391,-391,-391,-391,-391,-391,-385,-367,-344,-320,-291,-269,-248,-227,-203,-177,-149,-128,-112,-97,-85,-73,-61,-53,-45,-38,-35,-30,-24,-14,0,15,24,29,32,32,32,32,32,32]","[-156.5,-156.5,-156.5,-156.5,-156.5,-156.5,-156.5,-156.5,-156.5,-156.5,-156.5,-156.5,-156.5,-156.5,-156.5,-156.5,-156.5,-156.5,-156.5,-156.5,-156.5,-156.5,-156.5,-154.5,-145.5,-128.5,-103.5,-76.5,-49.5,-20.5,6.5,29.5,44.5,54.5,62.5,67.5,71.5,75.5,79.5,82.5,86.5,89.5,91.5,94.5,97.5,99.5,100.5,101.5,101.5,101.5,102.5,102.5,102.5,103.5,104.5,104.5,105.5,106.5,108.5,110.5,111.5,112.5,112.5,112.5,112.5,112.5,112.5,112.5,112.5,112.5,112.5,110.5,101.5,81.5,58.5,33.5,4.5,-20.5,-43.5,-68.5,-92.5,-110.5,-126.5,-137.5,-144.5,-150.5,-153.5,-154.5,-154.5,-154.5,-155.5,-155.5,-155.5,-157.5,-159.5,-163.5,-169.5,-174.5,-178.5,-182.5,-183.5,-183.5,-183.5,-183.5,-183.5,-183.5]","[0,0,0,0,0,0,0,0,0,0,0,0,0,0,0,0,0,0,0,0,0,0,0,0,0,0,0,0,0,0,0,0,0,0,0,0,0,0,0,0,0,0,0,0,0,0,0,0,0,0,0,0,0,0,0,0,0,0,0,0,0,0,0,0,0,1,1,1,0,0,0,0,0,0,0,0,0,0,0,0,0,0,0,0,0,0,0,0,0,0,0,0,0,0,0,0,0,0,0,0,0,0,0,0,0,1]","[0,0,0,0,0,0,0,0,0,0,0,0,0,0,0,0,0,0,0,0,0,0,0,0,0,0,0,0,0,0,0,0,0,0,0,0,0,0,0,0,0,0,0,0,0,0,0,0,0,0,0,0,0,0,0,0,0,0,0,0,0,0,0,0,0,0,0,0,0,0,0,0,0,0,0,0,0,0,0,0,0,0,0,0,0,0,0,0,0,0,0,0,0,0,0,0,0,0,0,0,0,0,0,0,0,0]","[0,0,0,0,0,0,0,0,0,0,0,0,0,0,0,0,0,0,0,0,0,0,0,0,0,0,0,0,0,0,0,0,0,0,0,0,0,0,0,0,0,0,0,0,0,0,0,0,0,0,0,0,0,0,0,0,0,0,0,0,0,0,0,0,0,0,0,0,0,0,0,0,0,0,0,0,0,0,0,0,0,0,0,0,0,0,0,0,0,0,0,0,0,0,0,0,0,0,0,0,0,0,0,0,0,0]","[0.0010001659393310547,0.014000177383422852,0.031000137329101562,0.04700016975402832,0.06400012969970703,0.08000016212463379,0.09800004959106445,0.11400008201599121,0.13100004196166992,0.14800000190734863,0.1640000343322754,0.18000006675720215,0.19700002670288086,0.21399998664855957,0.23000001907348633,0.24699997901916504,0.2630000114440918,0.2800002098083496,0.2970001697540283,0.31400012969970703,0.3300001621246338,0.3470001220703125,0.3640000820159912,0.382000207901001,0.40000009536743164,0.4140000343322754,0.4309999942779541,0.44700002670288086,0.46399998664855957,0.48000001907348633,0.4980001449584961,0.5140001773834229,0.5310001373291016,0.5470001697540283,0.564000129699707,0.5800001621246338,0.5970001220703125,0.6140000820159912,0.630000114440918,0.6470000743865967,0.6640000343322754,0.6809999942779541,0.6970000267028809,0.7139999866485596,0.7300000190734863,0.746999979019165,0.7640001773834229,0.7810001373291016,0.7970001697540283,0.814000129699707,0.8300001621246338,0.8470001220703125,0.8650000095367432,0.8810000419616699,0.8980000019073486,0.9150002002716064,0.9309999942779541,0.9480001926422119,0.9650001525878906,0.9810001850128174,0.9980001449584961,1.0140001773834229,1.0300002098083496,1.0470001697540283,1.064000129699707,1.0810000896453857,1.0980000495910645,1.1150000095367432,1.13100004196167,1.1470000743865967,1.1640000343322754,1.180999994277954,1.198000192642212,1.2139999866485596,1.2310001850128174,1.248000144958496,1.2640001773834229,1.2810001373291016,1.2980000972747803,1.314000129699707,1.3310000896453857,1.3480000495910645,1.3640000820159912,1.38100004196167,1.3980000019073486,1.4140000343322754,1.430999994277954,1.448000192642212,1.4650001525878906,1.4810001850128174,1.498000144958496,1.5140001773834229,1.5310001373291016,1.5480000972747803,1.564000129699707,1.5810000896453857,1.5980000495910645,1.6140000820159912,1.63100004196167,1.6480000019073486,1.6650002002716064,1.6800000667572021,1.6970000267028809,1.7139999866485596,1.7310001850128174,1.746999979019165]",,,"[""stopped"",""stopped"",""stopped"",""stopped"",""stopped"",""stopped"",""stopped"",""stopped"",""stopped"",""stopped"",""stopped"",""stopped"",""stopped"",""stopped"",""stopped"",""stopped"",""stopped"",""down"",""down"",""down"",""down"",""down"",""down"",""down"",""down"",""down"",""down"",""down"",""down"",""down"",""down"",""down"",""down"",""down"",""down"",""down"",""down"",""stopped"",""right"",""right"",""right"",""right"",""right"",""right"",""right"",""right"",""right"",""right"",""right"",""right"",""right"",""right"",""right"",""right"",""right"",""right"",""right"",""right"",""right"",""right"",""right"",""right"",""right"",""right"",""right"",""right"",""right"",""right"",""right"",""right"",""right"",""right"",""right"",""right"",""right"",""right"",""right"",""right"",""right"",""right"",""right"",""right"",""right"",""right"",""right"",""right"",""right"",""right"",""right"",""right"",""right"",""right"",""right"",""right"",""right"",""right"",""right"",""right"",""right"",""right"",""right"",""right"",""right"",""right"",""right"",""right"",""right"",""right"",""right"",""right"",""right"",""right"",""right"",""right"",""right"",""right"",""right"",""right"",""right"",""right"",""right""]","[0,0,0,0,0,0,0,0,0,0,0,0,0,0,0,0,0,1,1,1,1,1,1,1,1,1,1,1,1,1,1,1,1,1,1,1,1,0,1,1,1,1,1,1,1,1,1,1,1,1,1,1,1,1,1,1,1,1,1,1,1,1,1,1,1,1,1,1,1,1,1,1,1,1,1,1,1,1,1,1,1,1,1,1,1,1,1,1,1,1,1,1,1,1,1,1,1,1,1,1,1,1,1,1,1,1,1,1,1,1,1,1,1,1,1,1,1,1,1,1,1]",282,"[-7,-7,-7,-7,-7,-7,-7,-7,-7,-7,-7,-7,-7,-7,-7,-7,-7,-7,-7,-7,-7,-7,-7,-7,-7,-7,-7,-7,-7,-7,-7,-7,-7,-7,-7,-7,-7,-7,-7,-7,-7,-7,-7,-7,-7,-7,-7,-7,-7,-7,-7,-7,-7,-7,-7,-7,-7,-7,-7,-7,-7,-7,-7,-7,-7,-7,-7,-7,-7,-7,-7,-7,-7,-7,-7,-7,-7,-7,-7,-7,-7,-7,-7,-7,-7,-7,-7,-7,-7,-7,-7,-7,-7,-7,-7,-5,1,11,24,34,39,41,42,42,42,42,42,42,42,42,42,42,42,42,42,42,42,42,42,42]","[-234.5,-234.5,-234.5,-234.5,-234.5,-234.5,-234.5,-234.5,-234.5,-234.5,-234.5,-234.5,-234.5,-234.5,-234.5,-234.5,-234.5,-234.5,-234.5,-234.5,-234.5,-234.5,-234.5,-234.5,-234.5,-234.5,-234.5,-234.5,-234.5,-234.5,-234.5,-234.5,-234.5,-234.5,-234.5,-234.5,-234.5,-234.5,-234.5,-234.5,-234.5,-234.5,-234.5,-234.5,-234.5,-234.5,-234.5,-234.5,-234.5,-234.5,-234.5,-234.5,-234.5,-234.5,-234.5,-234.5,-234.5,-234.5,-234.5,-234.5,-234.5,-234.5,-234.5,-234.5,-234.5,-234.5,-234.5,-234.5,-234.5,-234.5,-234.5,-234.5,-234.5,-234.5,-234.5,-234.5,-234.5,-234.5,-234.5,-234.5,-234.5,-234.5,-234.5,-234.5,-234.5,-234.5,-234.5,-234.5,-234.5,-234.5,-234.5,-234.5,-234.5,-234.5,-234.5,-234.5,-231.5,-225.5,-217.5,-211.5,-207.5,-205.5,-204.5,-204.5,-204.5,-204.5,-204.5,-204.5,-204.5,-204.5,-204.5,-204.5,-204.5,-204.5,-204.5,-204.5,-204.5,-204.5,-204.5,-204.5]","[0,0,0,0,0,0,0,0,0,0,0,0,0,0,0,0,0,0,0,0,0,0,0,0,0,0,0,0,0,0,0,0,0,0,0,0,0,0,0,0,0,0,0,0,0,0,0,0,0,0,0,0,0,0,0,0,0,0,0,0,0,0,0,0,0,0,0,0,0,0,0,0,0,0,0,0,0,0,1,1,1,1,1,1,1,1,1,1,1,1,1,1,1,1,1,1,1,1,1,1,1,1,1,1,1,1,1,1,1,1,1,1,1,1,1,1,1,1,1,1]","[0,0,0,0,0,0,0,0,0,0,0,0,0,0,0,0,0,0,0,0,0,0,0,0,0,0,0,0,0,0,0,0,0,0,0,0,0,0,0,0,0,0,0,0,0,0,0,0,0,0,0,0,0,0,0,0,0,0,0,0,0,0,0,0,0,0,0,0,0,0,0,0,0,0,0,0,0,0,0,0,0,0,0,0,0,0,0,0,0,0,0,0,0,0,0,0,0,0,0,0,0,0,0,0,0,0,0,0,0,0,0,0,0,0,0,0,0,0,0,0]","[0,0,0,0,0,0,0,0,0,0,0,0,0,0,0,0,0,0,0,0,0,0,0,0,0,0,0,0,0,0,0,0,0,0,0,0,0,0,0,0,0,0,0,0,0,0,0,0,0,0,0,0,0,0,0,0,0,0,0,0,0,0,0,0,0,0,0,0,0,0,0,0,0,0,0,0,0,0,0,0,0,0,0,0,0,0,0,0,0,0,0,0,0,0,0,0,0,0,0,0,0,0,0,0,0,0,0,0,0,0,0,0,0,0,0,0,0,0,0,0]","[0,0.017999887466430664,0.03399991989135742,0.05099987983703613,0.06699991226196289,0.0839998722076416,0.10099983215332031,0.11699986457824707,0.13399982452392578,0.1510000228881836,0.16699981689453125,0.18499994277954102,0.20099997520446777,0.21799993515014648,0.23399996757507324,0.2519998550415039,0.2689998149871826,0.2849998474121094,0.3019998073577881,0.31799983978271484,0.33499979972839355,0.3509998321533203,0.3680000305175781,0.38499999046325684,0.4010000228881836,0.4179999828338623,0.434999942779541,0.4509999752044678,0.4679999351501465,0.4849998950958252,0.500999927520752,0.5189998149871826,0.5339999198913574,0.5509998798370361,0.5679998397827148,0.5839998722076416,0.6009998321533203,0.6180000305175781,0.6349999904632568,0.6510000228881836,0.6679999828338623,0.684999942779541,0.7009999752044678,0.7179999351501465,0.7349998950958252,0.7519998550415039,0.7679998874664307,0.7849998474121094,0.8009998798370361,0.8190000057220459,0.8349997997283936,0.8519999980926514,0.8680000305175781,0.8849999904632568,0.9019999504089355,0.9179999828338623,0.934999942779541,0.9509999752044678,0.9679999351501465,0.9839999675750732,1.000999927520752,1.0189998149871826,1.0339999198913574,1.0509998798370361,1.0679998397827148,1.0839998722076416,1.1009998321533203,1.116999864578247,1.1349999904632568,1.1510000228881836,1.1679999828338623,1.184000015258789,1.2009999752044678,1.2179999351501465,1.2339999675750732,1.250999927520752,1.2679998874664307,1.2849998474121094,1.2999999523162842,1.316999912261963,1.3339998722076416,1.3509998321533203,1.366999864578247,1.3839998245239258,1.4010000228881836,1.4169998168945312,1.434000015258789,1.4509999752044678,1.4679999351501465,1.488999843597412,1.5449998378753662,1.5699999332427979,1.5859999656677246,1.6019999980926514,1.6329998970031738,1.6519999504089355,1.6679999828338623,1.684999942779541,1.7019999027252197,1.7179999351501465,1.7349998950958252,1.750999927520752,1.7679998874664307,1.7839999198913574,1.7999999523162842,1.816999912261963,1.8339998722076416,1.8499999046325684,1.866999864578247,1.8839998245239258,1.8999998569488525,1.9169998168945312,1.934000015258789,1.9509999752044678,1.9670000076293945,1.9839999675750732,2,2.0179998874664307,2.0339999198913574,2.049999952316284]","[""downClick"",""downClick"",""downClick"",""downClick"",""downClick"",""downClick"",""downClick"",""downClick"",""downClick"",""downClick"",""downClick"",""downClick"",""downClick"",""downClick"",""downClick"",""downClick"",""downClick"",""downClick"",""downClick"",""downClick"",""downClick"",""downClick"",""downClick"",""downClick"",""downClick"",""downClick"",""downClick"",""downClick"",""downClick"",""downClick"",""downClick"",""downClick"",""downClick"",""downClick"",""downClick"",""downClick"",""downClick"",""downClick"",""downClick"",""downClick"",""downClick"",""downClick"",""downClick"",""downClick"",""downClick"",""downClick"",""downClick"",""downClick"",""downClick"",""downClick"",""downClick"",""downClick"",""downClick"",""downClick"",""downClick"",""downClick"",""downClick"",""downClick"",""downClick"",""downClick"",""downClick"",""downClick"",""downClick"",""downClick"",""downClick"",""downClick"",""downClick"",""downClick"",""downClick"",""downClick"",""downClick"",""downClick"",""downClick"",""downClick"",""downClick"",""downClick"",""downClick"",""downClick"",""downClick"",""downClick"",""downClick"",""downClick"",""downClick"",""downClick"",""downClick"",""downClick"",""downClick"",""downClick"",""downClick"",""downClick"",""downClick"",""downClick"",""downClick"",""downClick"",""downClick"",""downClick"",""downClick"",""downClick"",""rightClick"",""rightClick"",""rightClick"",""rightClick"",""rightClick"",""rightClick"",""rightClick"",""rightClick"",""rightClick"",""rightClick"",""rightClick"",""rightClick"",""rightClick"",""rightClick"",""rightClick"",""rightClick"",""rightClick"",""rightClick"",""rightClick"",""rightClick"",""rightClick""]",-100.5,30,0,space,1.335999966,4,0,4,0,1,3,,,,,,,,,,,,,,,,,,,
,,,,,,,,,,,,,,,,,,,,,,,,,,,,,,,,,,,,,,,,,,,,,,1,0,1,0,1,0,,,,,,,PilotWJ1,26,Male,2020-07-13_15h59.00.391,AvatarManual,3.2.2,Win32,60,,,,,200,100,0,const,3.5,90,right,-5,-10,"[21,21,21,21,21,21,21,21,21,21,21,21,21,21,21,21,21,21,21,21,21,21,21,20,20,21,21,21,19,15,12,7,5,3,1,0,-1,-3,-4,-5,-5,-5,-5,-5,-5,-5,-5,-5,-5,-5,-5,-5,-5,-5,-5,-5,-5,-5,-5,-5,-5,-5,-5,-5,-5,-5,-6,-6,-6,-6,-6,-3,0,3,6,8,10,10,12,14,16,16,17,17,17,16,15,15,14,14,14,14,14,14,14,14,14]","[-133.5,-133.5,-133.5,-133.5,-133.5,-133.5,-133.5,-133.5,-133.5,-133.5,-133.5,-133.5,-133.5,-133.5,-133.5,-133.5,-133.5,-133.5,-133.5,-132.5,-130.5,-126.5,-116.5,-105.5,-92.5,-73.5,-52.5,-32.5,-10.5,7.5,25.5,44.5,58.5,68.5,76.5,81.5,84.5,88.5,90.5,92.5,92.5,92.5,92.5,92.5,93.5,93.5,94.5,96.5,96.5,96.5,96.5,96.5,96.5,96.5,96.5,96.5,96.5,96.5,96.5,96.5,96.5,93.5,88.5,80.5,66.5,48.5,28.5,6.5,-10.5,-24.5,-40.5,-55.5,-69.5,-81.5,-92.5,-102.5,-113.5,-126.5,-138.5,-149.5,-157.5,-162.5,-166.5,-169.5,-172.5,-177.5,-180.5,-183.5,-184.5,-187.5,-187.5,-187.5,-187.5,-187.5,-187.5,-187.5,-187.5]","[0,0,0,0,0,0,0,0,0,0,0,0,0,0,0,0,0,0,0,0,0,0,0,0,0,0,0,0,0,0,0,0,0,0,0,0,0,0,0,0,0,0,0,0,0,0,0,0,0,0,0,0,1,1,1,1,1,0,0,0,0,0,0,0,0,0,0,0,0,0,0,0,0,0,0,0,0,0,0,0,0,0,0,0,0,0,0,0,0,0,0,0,0,0,0,0,1]","[0,0,0,0,0,0,0,0,0,0,0,0,0,0,0,0,0,0,0,0,0,0,0,0,0,0,0,0,0,0,0,0,0,0,0,0,0,0,0,0,0,0,0,0,0,0,0,0,0,0,0,0,0,0,0,0,0,0,0,0,0,0,0,0,0,0,0,0,0,0,0,0,0,0,0,0,0,0,0,0,0,0,0,0,0,0,0,0,0,0,0,0,0,0,0,0,0]","[0,0,0,0,0,0,0,0,0,0,0,0,0,0,0,0,0,0,0,0,0,0,0,0,0,0,0,0,0,0,0,0,0,0,0,0,0,0,0,0,0,0,0,0,0,0,0,0,0,0,0,0,0,0,0,0,0,0,0,0,0,0,0,0,0,0,0,0,0,0,0,0,0,0,0,0,0,0,0,0,0,0,0,0,0,0,0,0,0,0,0,0,0,0,0,0,0]","[0.0010001659393310547,0.016000032424926758,0.03299999237060547,0.04999995231628418,0.06599998474121094,0.08300018310546875,0.10000014305114746,0.11600017547607422,0.13300013542175293,0.15000009536743164,0.1660001277923584,0.1830000877380371,0.20000004768371582,0.21600008010864258,0.2330000400543213,0.25,0.26600003242492676,0.28299999237060547,0.2999999523162842,0.317000150680542,0.33300018310546875,0.35000014305114746,0.36700010299682617,0.38300013542175293,0.40000009536743164,0.41700005531311035,0.4330000877380371,0.4500000476837158,0.46700000762939453,0.48399996757507324,0.5,0.5169999599456787,0.5329999923706055,0.5499999523162842,0.567000150680542,0.5830001831054688,0.6000001430511475,0.6160001754760742,0.6330001354217529,0.6500000953674316,0.6660001277923584,0.6830000877380371,0.6990001201629639,0.7160000801086426,0.7330000400543213,0.75,0.7660000324249268,0.7829999923706055,0.7990000247955322,0.8159999847412109,0.8330001831054688,0.8489999771118164,0.8670001029968262,0.8830001354217529,0.9000000953674316,0.9170000553131104,0.9330000877380371,0.9500000476837158,0.9670000076293945,0.9830000400543213,1.001000165939331,1.0169999599456787,1.0340001583099365,1.0510001182556152,1.067000150680542,1.0840001106262207,1.1010000705718994,1.1170001029968262,1.1340000629425049,1.1510000228881836,1.1670000553131104,1.184000015258789,1.2009999752044678,1.2180001735687256,1.2339999675750732,1.251000165939331,1.2680001258850098,1.2850000858306885,1.3010001182556152,1.317000150680542,1.3340001106262207,1.3500001430511475,1.3670001029968262,1.3840000629425049,1.4000000953674316,1.4170000553131104,1.434000015258789,1.4509999752044678,1.4670000076293945,1.4839999675750732,1.5,1.5169999599456787,1.5329999923706055,1.5499999523162842,1.567000150680542,1.5830001831054688,1.6000001430511475]",,,"[""stopped"",""stopped"",""stopped"",""stopped"",""stopped"",""stopped"",""stopped"",""stopped"",""stopped"",""stopped"",""stopped"",""stopped"",""stopped"",""stopped"",""stopped"",""stopped"",""stopped"",""down"",""down"",""down"",""down"",""down"",""down"",""down"",""down"",""down"",""down"",""down"",""down"",""down"",""down"",""down"",""down"",""down"",""down"",""down"",""down"",""down"",""down"",""down"",""down"",""down"",""down"",""down"",""stopped"",""right"",""right"",""right"",""right"",""right"",""right"",""right"",""right"",""right"",""right"",""right"",""right"",""right"",""right"",""right"",""right"",""right"",""right""]","[0,0,0,0,0,0,0,0,0,0,0,0,0,0,0,0,0,1,1,1,1,1,1,1,1,1,1,1,1,1,1,1,1,1,1,1,1,1,1,1,1,1,1,1,0,1,1,1,1,1,1,1,1,1,1,1,1,1,1,1,1,1,1]",300,"[3,3,3,3,3,3,3,3,3,3,3,3,3,3,3,3,3,3,3,3,3,3,3,3,3,3,3,3,3,3,3,3,3,3,3,3,3,3,3,3,4,8,15,22,27,30,33,34,34,34,34,34,34,34,34,34,34,34,34,34,34,34]","[-234.5,-234.5,-234.5,-234.5,-234.5,-234.5,-234.5,-234.5,-234.5,-234.5,-234.5,-234.5,-234.5,-234.5,-234.5,-234.5,-234.5,-234.5,-234.5,-234.5,-234.5,-234.5,-234.5,-234.5,-234.5,-234.5,-234.5,-234.5,-234.5,-234.5,-234.5,-234.5,-234.5,-234.5,-234.5,-234.5,-234.5,-234.5,-234.5,-234.5,-234.5,-231.5,-227.5,-219.5,-213.5,-209.5,-206.5,-205.5,-204.5,-204.5,-204.5,-204.5,-204.5,-204.5,-204.5,-204.5,-204.5,-204.5,-204.5,-204.5,-204.5,-204.5]","[0,0,0,0,0,0,0,0,0,0,0,0,0,0,0,0,1,1,1,1,1,1,1,1,1,1,1,1,1,1,1,1,1,1,1,1,1,1,1,1,1,1,1,1,1,1,1,1,1,1,1,1,1,1,1,1,1,1,1,1,1,1]","[0,0,0,0,0,0,0,0,0,0,0,0,0,0,0,0,0,0,0,0,0,0,0,0,0,0,0,0,0,0,0,0,0,0,0,0,0,0,0,0,0,0,0,0,0,0,0,0,0,0,0,0,0,0,0,0,0,0,0,0,0,0]","[0,0,0,0,0,0,0,0,0,0,0,0,0,0,0,0,0,0,0,0,0,0,0,0,0,0,0,0,0,0,0,0,0,0,0,0,0,0,0,0,0,0,0,0,0,0,0,0,0,0,0,0,0,0,0,0,0,0,0,0,0,0]","[0,0.01900005340576172,0.03299999237060547,0.04999995231628418,0.08100008964538574,0.10299992561340332,0.11800003051757812,0.13499999046325684,0.1510000228881836,0.16700005531311035,0.1830000877380371,0.20000004768371582,0.21700000762939453,0.2330000400543213,0.25,0.26799988746643066,0.2839999198913574,0.2999999523162842,0.31599998474121094,0.33299994468688965,0.3489999771118164,0.3659999370574951,0.38299989700317383,0.40000009536743164,0.4159998893737793,0.4330000877380371,0.44899988174438477,0.4660000801086426,0.4830000400543213,0.49900007247924805,0.5160000324249268,0.5329999923706055,0.5490000247955322,0.5659999847412109,0.5829999446868896,0.5999999046325684,0.6159999370574951,0.6329998970031738,0.6489999294281006,0.6659998893737793,0.6830000877380371,0.7000000476837158,0.7160000801086426,0.7339999675750732,0.75,0.7669999599456787,0.7839999198913574,0.8009998798370361,0.8169999122619629,0.8329999446868896,0.8499999046325684,0.8659999370574951,0.8829998970031738,0.9010000228881836,0.9159998893737793,0.9330000877380371,0.9489998817443848,0.9660000801086426,0.9830000400543213,1,1.0160000324249268,1.0329999923706055]","[""downClick"",""downClick"",""downClick"",""downClick"",""downClick"",""downClick"",""downClick"",""downClick"",""downClick"",""downClick"",""downClick"",""downClick"",""downClick"",""downClick"",""downClick"",""downClick"",""downClick"",""downClick"",""downClick"",""downClick"",""downClick"",""downClick"",""downClick"",""downClick"",""downClick"",""downClick"",""downClick"",""downClick"",""downClick"",""downClick"",""downClick"",""downClick"",""downClick"",""downClick"",""downClick"",""downClick"",""downClick"",""downClick"",""downClick"",""downClick"",""downClick"",""downClick"",""downClick"",""rightClick"",""rightClick"",""rightClick"",""rightClick"",""rightClick"",""rightClick"",""rightClick"",""rightClick"",""rightClick"",""rightClick"",""rightClick"",""rightClick"",""rightClick"",""rightClick"",""rightClick"",""rightClick"",""rightClick"",""rightClick""]",58,5.5,1,space,1.325999737,4,0,4,0,1,3,,,,,,,,,,,,,,,,,,,
,,,,,,,,,,,,,,,,,,,,,,,,,,,,,,,,,,,,,,,,,,,,,,1,0,1,0,1,0,,,,,,,PilotWJ1,26,Male,2020-07-13_15h59.00.391,AvatarManual,3.2.2,Win32,60,,,,,300,200,0,const,3.5,69,left,-24,56,"[34,34,34,34,34,34,34,34,34,34,34,35,35,35,35,35,35,35,35,34,31,28,24,22,18,12,3,-8,-16,-18,-18,-18,-18,-17,-16,-16,-15,-15,-15,-15,-14,-14,-14,-14,-14,-15,-16,-17,-17,-17,-18,-18,-19,-19,-20,-22,-23,-24,-24,-24,-24,-24,-24,-24,-24,-24,-24,-24,-24,-24,-24,-24,-23,-21,-21,-20,-19,-17,-14,-10,-5,-1,3,6,9,11,13,14,15,15,16,16,16,16,15,15,14,13,13,11,11,10,9,9,9,9,9]","[-204.5,-204.5,-204.5,-204.5,-204.5,-204.5,-204.5,-204.5,-204.5,-204.5,-204.5,-204.5,-205.5,-205.5,-205.5,-205.5,-205.5,-205.5,-205.5,-202.5,-197.5,-189.5,-177.5,-158.5,-127.5,-94.5,-60.5,-24.5,0.5,16.5,28.5,35.5,41.5,46.5,50.5,54.5,57.5,60.5,62.5,65.5,69.5,73.5,77.5,81.5,84.5,87.5,90.5,91.5,93.5,95.5,98.5,99.5,101.5,102.5,103.5,104.5,105.5,105.5,105.5,105.5,105.5,105.5,105.5,105.5,105.5,105.5,105.5,105.5,105.5,105.5,100.5,94.5,81.5,65.5,46.5,22.5,1.5,-17.5,-33.5,-53.5,-70.5,-87.5,-102.5,-113.5,-122.5,-129.5,-135.5,-140.5,-145.5,-148.5,-149.5,-149.5,-150.5,-152.5,-155.5,-159.5,-165.5,-168.5,-174.5,-181.5,-187.5,-191.5,-195.5,-198.5,-199.5,-199.5,-199.5]","[0,0,0,0,0,0,0,0,0,0,0,0,0,0,0,0,0,0,0,0,0,0,0,0,0,0,0,0,0,0,0,0,0,0,0,0,0,0,0,0,0,0,0,0,0,0,0,0,0,0,0,0,0,0,0,0,0,0,0,0,0,0,1,1,1,1,1,0,0,0,0,0,0,0,0,0,0,0,0,0,0,0,0,0,0,0,0,0,0,0,0,0,0,0,0,0,0,0,0,0,0,0,0,0,0,0,1]","[0,0,0,0,0,0,0,0,0,0,0,0,0,0,0,0,0,0,0,0,0,0,0,0,0,0,0,0,0,0,0,0,0,0,0,0,0,0,0,0,0,0,0,0,0,0,0,0,0,0,0,0,0,0,0,0,0,0,0,0,0,0,0,0,0,0,0,0,0,0,0,0,0,0,0,0,0,0,0,0,0,0,0,0,0,0,0,0,0,0,0,0,0,0,0,0,0,0,0,0,0,0,0,0,0,0,0]","[0,0,0,0,0,0,0,0,0,0,0,0,0,0,0,0,0,0,0,0,0,0,0,0,0,0,0,0,0,0,0,0,0,0,0,0,0,0,0,0,0,0,0,0,0,0,0,0,0,0,0,0,0,0,0,0,0,0,0,0,0,0,0,0,0,0,0,0,0,0,0,0,0,0,0,0,0,0,0,0,0,0,0,0,0,0,0,0,0,0,0,0,0,0,0,0,0,0,0,0,0,0,0,0,0,0,0]","[0,0.016000032424926758,0.03299999237060547,0.04900002479553223,0.06599998474121094,0.08299994468688965,0.0989999771118164,0.11600017547607422,0.13300013542175293,0.1490001678466797,0.1660001277923584,0.1830000877380371,0.20000004768371582,0.21600008010864258,0.2330000400543213,0.24900007247924805,0.26600003242492676,0.28299999237060547,0.2999999523162842,0.317000150680542,0.3340001106262207,0.35000014305114746,0.36700010299682617,0.3840000629425049,0.40000009536743164,0.4160001277923584,0.4330000877380371,0.4500000476837158,0.46700000762939453,0.48399996757507324,0.5,0.5169999599456787,0.5340001583099365,0.5499999523162842,0.5659999847412109,0.5829999446868896,0.6000001430511475,0.6160001754760742,0.6330001354217529,0.6500000953674316,0.6670000553131104,0.6830000877380371,0.7000000476837158,0.7170000076293945,0.7330000400543213,0.75,0.7669999599456787,0.7829999923706055,0.7999999523162842,0.817000150680542,0.8340001106262207,0.8500001430511475,0.8660001754760742,0.8830001354217529,0.9000000953674316,0.9160001277923584,0.9330000877380371,0.9500000476837158,0.9660000801086426,0.9830000400543213,0.999000072479248,1.0160000324249268,1.0329999923706055,1.0499999523162842,1.065999984741211,1.0829999446868896,1.1000001430511475,1.1160001754760742,1.133000135421753,1.1500000953674316,1.1670000553131104,1.183000087738037,1.2000000476837158,1.2170000076293945,1.2330000400543213,1.25,1.2669999599456787,1.2829999923706055,1.2999999523162842,1.317000150680542,1.3340001106262207,1.3500001430511475,1.3670001029968262,1.383000135421753,1.4000000953674316,1.4170000553131104,1.433000087738037,1.4500000476837158,1.4670000076293945,1.4830000400543213,1.5,1.5160000324249268,1.5329999923706055,1.5499999523162842,1.567000150680542,1.5840001106262207,1.6000001430511475,1.6170001029968262,1.6340000629425049,1.6510000228881836,1.6670000553131104,1.684000015258789,1.7000000476837158,1.7170000076293945,1.7330000400543213,1.75,1.7660000324249268]",,,"[""stopped"",""stopped"",""stopped"",""stopped"",""stopped"",""stopped"",""stopped"",""stopped"",""stopped"",""stopped"",""stopped"",""stopped"",""stopped"",""stopped"",""stopped"",""stopped"",""stopped"",""down"",""down"",""down"",""down"",""down"",""down"",""down"",""down"",""down"",""down"",""down"",""down"",""down"",""down"",""down"",""down"",""down"",""down"",""down"",""down"",""down"",""down"",""down"",""down"",""down"",""down"",""down"",""down"",""down"",""stopped"",""stopped"",""left"",""left"",""left"",""left"",""left"",""left"",""left"",""left"",""left"",""left"",""left"",""left"",""left"",""left"",""left"",""left"",""left"",""left"",""left"",""left"",""left"",""left"",""left"",""left"",""left"",""left"",""left"",""left"",""left"",""left"",""left"",""left"",""left"",""left"",""left"",""left"",""left"",""left""]","[0,0,0,0,0,0,0,0,0,0,0,0,0,0,0,0,0,1,1,1,1,1,1,1,1,1,1,1,1,1,1,1,1,1,1,1,1,1,1,1,1,1,1,1,1,1,0,0,1,1,1,1,1,1,1,1,1,1,1,1,1,1,1,1,1,1,1,1,1,1,1,1,1,1,1,1,1,1,1,1,1,1,1,1,1,1]",283,"[3,3,3,3,3,3,3,3,3,3,3,3,3,3,3,3,3,3,3,3,3,3,3,3,3,3,3,3,3,3,3,3,3,3,3,3,3,3,3,3,3,0,-3,-6,-10,-14,-21,-28,-34,-37,-41,-41,-41,-41,-41,-41,-41,-41,-41,-41,-41,-41,-41,-41,-41,-41,-41,-41,-41,-41,-41,-41,-41,-41,-41,-41,-41,-41,-41,-41,-41,-41,-41,-41,-41]","[-232.5,-232.5,-232.5,-232.5,-232.5,-232.5,-232.5,-232.5,-232.5,-232.5,-232.5,-232.5,-232.5,-232.5,-232.5,-232.5,-232.5,-232.5,-232.5,-232.5,-232.5,-232.5,-232.5,-232.5,-232.5,-232.5,-232.5,-232.5,-232.5,-232.5,-232.5,-232.5,-232.5,-232.5,-232.5,-232.5,-232.5,-232.5,-232.5,-232.5,-232.5,-232.5,-229.5,-226.5,-222.5,-218.5,-212.5,-206.5,-201.5,-198.5,-196.5,-196.5,-196.5,-196.5,-196.5,-196.5,-196.5,-196.5,-196.5,-196.5,-196.5,-196.5,-196.5,-196.5,-196.5,-196.5,-196.5,-196.5,-196.5,-196.5,-196.5,-196.5,-196.5,-196.5,-196.5,-196.5,-196.5,-196.5,-196.5,-196.5,-196.5,-196.5,-196.5,-196.5,-196.5]","[0,0,0,0,0,0,0,0,0,0,0,0,0,0,0,0,1,1,1,1,1,1,1,1,1,1,1,1,1,1,1,1,1,1,1,1,1,1,1,1,1,1,1,1,1,1,1,1,1,1,1,1,1,1,1,1,1,1,1,1,1,1,1,1,1,1,1,1,1,1,1,1,1,1,1,1,1,1,1,1,1,1,1,1,1]","[0,0,0,0,0,0,0,0,0,0,0,0,0,0,0,0,0,0,0,0,0,0,0,0,0,0,0,0,0,0,0,0,0,0,0,0,0,0,0,0,0,0,0,0,0,0,0,0,0,0,0,0,0,0,0,0,0,0,0,0,0,0,0,0,0,0,0,0,0,0,0,0,0,0,0,0,0,0,0,0,0,0,0,0,0]","[0,0,0,0,0,0,0,0,0,0,0,0,0,0,0,0,0,0,0,0,0,0,0,0,0,0,0,0,0,0,0,0,0,0,0,0,0,0,0,0,0,0,0,0,0,0,0,0,0,0,0,0,0,0,0,0,0,0,0,0,0,0,0,0,0,0,0,0,0,0,0,0,0,0,0,0,0,0,0,0,0,0,0,0,0]","[0,0.016000032424926758,0.03299999237060547,0.05000019073486328,0.06700015068054199,0.0840001106262207,0.10000014305114746,0.11700010299682617,0.13300013542175293,0.15000009536743164,0.16700005531311035,0.1830000877380371,0.20000004768371582,0.21600008010864258,0.2330000400543213,0.25,0.26600003242492676,0.28299999237060547,0.2990000247955322,0.31599998474121094,0.33300018310546875,0.3489999771118164,0.3660001754760742,0.3819999694824219,0.3990001678466797,0.4160001277923584,0.4330000877380371,0.4500000476837158,0.4650001525878906,0.48200011253356934,0.49900007247924805,0.5150001049041748,0.5320000648498535,0.5490000247955322,0.565000057220459,0.5820000171661377,0.5989999771118164,0.6150000095367432,0.6319999694824219,0.6490001678466797,0.6649999618530273,0.6820001602172852,0.6990001201629639,0.7150001525878906,0.7320001125335693,0.749000072479248,0.7660000324249268,0.7829999923706055,0.8000001907348633,0.8159999847412109,0.8330001831054688,0.8489999771118164,0.8660001754760742,0.8819999694824219,0.8990001678466797,0.9160001277923584,0.9320001602172852,0.9490001201629639,0.9660000801086426,0.9830000400543213,0.999000072479248,1.0160000324249268,1.0329999923706055,1.0490000247955322,1.065999984741211,1.0820000171661377,1.0989999771118164,1.1160001754760742,1.133000135421753,1.1490001678466797,1.1660001277923584,1.183000087738037,1.1990001201629639,1.2160000801086426,1.2330000400543213,1.249000072479248,1.2660000324249268,1.2829999923706055,1.2990000247955322,1.315999984741211,1.3320000171661377,1.3489999771118164,1.3660001754760742,1.383000135421753,1.3990001678466797]","[""downClick"",""downClick"",""downClick"",""downClick"",""downClick"",""downClick"",""downClick"",""downClick"",""downClick"",""downClick"",""downClick"",""downClick"",""downClick"",""downClick"",""downClick"",""downClick"",""downClick"",""downClick"",""downClick"",""downClick"",""downClick"",""downClick"",""downClick"",""downClick"",""downClick"",""downClick"",""downClick"",""downClick"",""downClick"",""downClick"",""downClick"",""downClick"",""downClick"",""downClick"",""downClick"",""downClick"",""downClick"",""downClick"",""downClick"",""downClick"",""downClick"",""downClick"",""downClick"",""downClick"",""downClick"",""leftClick"",""leftClick"",""leftClick"",""leftClick"",""leftClick"",""leftClick"",""leftClick"",""leftClick"",""leftClick"",""leftClick"",""leftClick"",""leftClick"",""leftClick"",""leftClick"",""leftClick"",""leftClick"",""leftClick"",""leftClick"",""leftClick"",""leftClick"",""leftClick"",""leftClick"",""leftClick"",""leftClick"",""leftClick"",""leftClick"",""leftClick"",""leftClick"",""leftClick"",""leftClick"",""leftClick"",""leftClick"",""leftClick"",""leftClick"",""leftClick"",""leftClick"",""leftClick"",""leftClick""]",-157,-1.5,1,space,1.188999891,4,0,4,0,1,3,,,,,,,,,,,,,,,,,,,
,,,,,,,,,,,,,,,,,,,,,,,,,,,,,,,,,,,,,,,,,,,,,,1,0,1,0,1,0,,,,,,,PilotWJ1,26,Male,2020-07-13_15h59.00.391,AvatarManual,3.2.2,Win32,60,,,,,,,,,,,,,,,,,,,,,,,,,,,,,,,,,,,,,,,,,,,space,1.976999998,"[-24,-24,-24,-24,-24,-24,-24,-24,-24,-24,-24,-24,-24,-24,-24,-24,-24,-24,-24,-24,-24,-24,-24,-24,-24,-24,-24,-24,-24,-24,-24,-24,-23,-22,-21,-19,-18,-17,-15,-14,-13,-12,-12,-11,-11,-11,-10,-9,-9,-8,-7,-7,-7,-7,-6,-6,-6,-6,-6,-6,-6,-6,-6,-6,-6,-6,-6,-6,-6,-6,-6,-6,-6,-6,-6,-6,-6,-6,-6,-6,-6,-6,-6,-6,-6,-6,-6,-6,-6,-5,1,11,20,32,42,48,51,52,52,52,52,52,52,52,52,52,52,52,52,52,52,52,52,52,52,52,53,53,53,53,54,55,57,58,58,58,58,59,59,59,60,60,60,60,60,60,60,60,60,60,60,60,60,60,60,60,60,60,60,60,60,60,60,60,60,60,60,60,58,55,50,40,29,18,9,0,-6,-11,-15,-17,-20,-24,-28,-31,-37,-43,-49,-53,-58,-61,-64,-66,-68,-71,-76,-81,-86,-86,-86,-86,-86,-86,-86,-86,-86,-86,-86,-86,-86,-86,-86,-86,-86,-86,-86,-86,-86,-86,-86,-86]","[-67.5,-67.5,-67.5,-67.5,-67.5,-67.5,-67.5,-67.5,-67.5,-67.5,-67.5,-67.5,-67.5,-67.5,-67.5,-67.5,-67.5,-67.5,-67.5,-67.5,-67.5,-67.5,-67.5,-67.5,-67.5,-67.5,-67.5,-67.5,-67.5,-67.5,-67.5,-67.5,-68.5,-69.5,-70.5,-70.5,-71.5,-74.5,-76.5,-77.5,-80.5,-81.5,-83.5,-85.5,-86.5,-87.5,-90.5,-91.5,-92.5,-93.5,-95.5,-95.5,-96.5,-96.5,-97.5,-98.5,-99.5,-99.5,-99.5,-99.5,-99.5,-99.5,-99.5,-99.5,-99.5,-99.5,-99.5,-99.5,-99.5,-99.5,-99.5,-99.5,-99.5,-99.5,-99.5,-99.5,-99.5,-99.5,-99.5,-99.5,-99.5,-99.5,-99.5,-99.5,-99.5,-99.5,-99.5,-99.5,-99.5,-99.5,-99.5,-100.5,-101.5,-102.5,-103.5,-104.5,-105.5,-105.5,-105.5,-105.5,-105.5,-105.5,-105.5,-105.5,-105.5,-105.5,-105.5,-105.5,-105.5,-105.5,-105.5,-105.5,-105.5,-105.5,-105.5,-105.5,-105.5,-105.5,-105.5,-105.5,-105.5,-105.5,-105.5,-105.5,-105.5,-105.5,-105.5,-104.5,-104.5,-104.5,-104.5,-104.5,-104.5,-104.5,-104.5,-104.5,-104.5,-104.5,-104.5,-104.5,-104.5,-104.5,-104.5,-104.5,-104.5,-104.5,-104.5,-104.5,-104.5,-104.5,-104.5,-104.5,-104.5,-104.5,-104.5,-104.5,-104.5,-104.5,-104.5,-104.5,-104.5,-104.5,-102.5,-101.5,-99.5,-98.5,-97.5,-97.5,-97.5,-97.5,-97.5,-97.5,-97.5,-97.5,-97.5,-97.5,-96.5,-96.5,-96.5,-96.5,-95.5,-95.5,-95.5,-95.5,-95.5,-95.5,-95.5,-95.5,-95.5,-95.5,-95.5,-95.5,-95.5,-95.5,-95.5,-95.5,-95.5,-95.5,-95.5,-95.5,-95.5,-95.5,-95.5,-95.5,-95.5,-95.5,-95.5,-95.5,-95.5,-95.5]","[0,0,0,0,0,0,0,0,0,0,0,0,0,0,0,0,0,0,0,0,0,0,0,0,0,0,0,0,0,0,0,0,0,0,0,0,0,0,0,0,0,0,0,0,0,0,0,0,0,0,0,0,0,0,0,0,0,0,0,0,0,0,0,0,0,0,0,0,0,0,0,0,0,0,0,0,0,0,0,0,0,0,0,0,0,0,1,1,1,1,1,1,1,1,1,1,1,1,1,1,1,1,1,1,1,1,1,1,1,1,1,1,1,1,1,1,1,1,1,1,1,1,1,1,1,1,1,1,1,1,1,1,1,1,1,1,1,1,1,1,1,1,1,1,1,1,1,1,1,1,1,1,1,1,1,1,1,1,1,1,1,1,1,1,1,1,1,1,1,1,1,1,1,1,1,1,1,1,1,1,1,1,1,1,1,1,1,1,1,1,1,1,1,1,1,1,1,1,1,1,1,1,1,0,0,0,0,0,0,0]","[0,0,0,0,0,0,0,0,0,0,0,0,0,0,0,0,0,0,0,0,0,0,0,0,0,0,0,0,0,0,0,0,0,0,0,0,0,0,0,0,0,0,0,0,0,0,0,0,0,0,0,0,0,0,0,0,0,0,0,0,0,0,0,0,0,0,0,0,0,0,0,0,0,0,0,0,0,0,0,0,0,0,0,0,0,0,0,0,0,0,0,0,0,0,0,0,0,0,0,0,0,0,0,0,0,0,0,0,0,0,0,0,0,0,0,0,0,0,0,0,0,0,0,0,0,0,0,0,0,0,0,0,0,0,0,0,0,0,0,0,0,0,0,0,0,0,0,0,0,0,0,0,0,0,0,0,0,0,0,0,0,0,0,0,0,0,0,0,0,0,0,0,0,0,0,0,0,0,0,0,0,0,0,0,0,0,0,0,0,0,0,0,0,0,0,0,0,0,0,0,0,0,0,0,0,0,0,0,0,0]","[0,0,0,0,0,0,0,0,0,0,0,0,0,0,0,0,0,0,0,0,0,0,0,0,0,0,0,0,0,0,0,0,0,0,0,0,0,0,0,0,0,0,0,0,0,0,0,0,0,0,0,0,0,0,0,0,0,0,0,0,0,0,0,0,0,0,0,0,0,0,0,0,0,0,0,0,0,0,0,0,0,0,0,0,0,0,0,0,0,0,0,0,0,0,0,0,0,0,0,0,0,0,0,0,0,0,0,0,0,0,0,0,0,0,0,0,0,0,0,0,0,0,0,0,0,0,0,0,0,0,0,0,0,0,0,0,0,0,0,0,0,0,0,0,0,0,0,0,0,0,0,0,0,0,0,0,0,0,0,0,0,0,0,0,0,0,0,0,0,0,0,0,0,0,0,0,0,0,0,0,0,0,0,0,0,0,0,0,0,0,0,0,0,0,0,0,0,0,0,0,0,0,0,0,0,0,0,0,0,0]","[0,0.026999950408935547,0.042999982833862305,0.07699990272521973,0.09299993515014648,0.1100001335144043,0.127000093460083,0.14400005340576172,0.16000008583068848,0.1770000457763672,0.1940000057220459,0.21000003814697266,0.22699999809265137,0.24399995803833008,0.25999999046325684,0.2760000228881836,0.2929999828338623,0.309999942779541,0.3259999752044678,0.3429999351501465,0.3600001335144043,0.37599992752075195,0.39300012588500977,0.4100000858306885,0.42600011825561523,0.4440000057220459,0.46000003814697266,0.47699999809265137,0.4939999580383301,0.5099999904632568,0.5269999504089355,0.5439999103546143,0.5610001087188721,0.5769999027252197,0.5950000286102295,0.6110000610351562,0.627000093460083,0.6440000534057617,0.6610000133514404,0.6779999732971191,0.6940000057220459,0.7109999656677246,0.7269999980926514,0.7439999580383301,0.7609999179840088,0.7790000438690186,0.8110001087188721,0.8280000686645508,0.8429999351501465,0.8600001335144043,0.877000093460083,0.8930001258850098,0.9100000858306885,0.9260001182556152,0.943000078201294,0.9600000381469727,0.9769999980926514,0.9930000305175781,1.0099999904632568,1.0269999504089355,1.0439999103546143,1.059999942779541,1.0769999027252197,1.0940001010894775,1.1100001335144043,1.127000093460083,1.1440000534057617,1.1600000858306885,1.1770000457763672,1.193000078201294,1.2100000381469727,1.2260000705718994,1.2430000305175781,1.2599999904632568,1.2760000228881836,1.2929999828338623,1.309999942779541,1.3259999752044678,1.3429999351501465,1.3600001335144043,1.375999927520752,1.3930001258850098,1.4100000858306885,1.4260001182556152,1.443000078201294,1.4600000381469727,1.4760000705718994,1.4930000305175781,1.5099999904632568,1.5269999504089355,1.5439999103546143,1.559999942779541,1.5769999027252197,1.5940001010894775,1.6100001335144043,1.627000093460083,1.6430001258850098,1.6600000858306885,1.6760001182556152,1.693000078201294,1.7100000381469727,1.7260000705718994,1.7430000305175781,1.7599999904632568,1.7769999504089355,1.7929999828338623,1.809999942779541,1.8269999027252197,1.8440001010894775,1.8600001335144043,1.877000093460083,1.8940000534057617,1.9100000858306885,1.9270000457763672,1.944000005722046,1.9600000381469727,1.9769999980926514,1.99399995803833,2.009999990463257,2.0260000228881836,2.0429999828338623,2.059999942779541,2.0769999027252197,2.0929999351501465,2.1100001335144043,2.125999927520752,2.1430001258850098,2.1600000858306885,2.177000045776367,2.193000078201294,2.2100000381469727,2.2260000705718994,2.243000030517578,2.259999990463257,2.2769999504089355,2.2929999828338623,2.309999942779541,2.3269999027252197,2.3429999351501465,2.3600001335144043,2.375999927520752,2.3930001258850098,2.4100000858306885,2.427000045776367,2.443000078201294,2.4600000381469727,2.4769999980926514,2.49399995803833,2.509999990463257,2.5269999504089355,2.5439999103546143,2.559999942779541,2.5769999027252197,2.5929999351501465,2.6100001335144043,2.627000093460083,2.6440000534057617,2.6600000858306885,2.677999973297119,2.694999933242798,2.7120001316070557,2.7290000915527344,2.743000030517578,2.759999990463257,2.7769999504089355,2.7929999828338623,2.809999942779541,2.8269999027252197,2.8429999351501465,2.8600001335144043,2.877000093460083,2.8940000534057617,2.9100000858306885,2.927000045776367,2.944000005722046,2.9600000381469727,2.9769999980926514,2.993000030517578,3.009999990463257,3.0269999504089355,3.0429999828338623,3.059999942779541,3.0769999027252197,3.0940001010894775,3.1100001335144043,3.127000093460083,3.1430001258850098,3.1600000858306885,3.1760001182556152,3.193000078201294,3.2100000381469727,3.2260000705718994,3.243000030517578,3.259999990463257,3.2760000228881836,3.2929999828338623,3.309999942779541,3.3269999027252197,3.3429999351501465,3.3600001335144043,3.375999927520752,3.3930001258850098,3.4100000858306885,3.4260001182556152,3.443000078201294,3.4600000381469727,3.4769999980926514,3.493000030517578,3.509999990463257,3.5260000228881836]",space,3.506000042,300,-0.573333333,8,0,8,0,1,7,
,,,,,,,,,,,,,,,,,,,,,,,,,,,,,,,,,,,,,,,,,,,,,,1,0,1,0,1,0,,,,,,,PilotWJ1,26,Male,2020-07-13_15h59.00.391,AvatarManual,3.2.2,Win32,60,,,,,,,,,,,,,,,,,,,,,,,,,,,,,,,,,,,,,,,,,,,,,"[-86,-86,-86,-86,-86,-86,-86,-86,-86,-86,-86,-86,-86,-86,-85,-83,-81,-78,-76,-73,-70,-65,-57,-46,-35,-29,-28,-27,-26,-24,-22,-18,-17,-16,-15,-14,-13,-12,-10,-9,-9,-9,-8,-7,-6,-5,-4,-3,1,6,15,29,44,64,87,105,120,134,142,151,160,165,168,171,173,174,174,174,174,174,174,174,174,174,174,174,174,174,174,173]","[-95.5,-95.5,-95.5,-95.5,-95.5,-95.5,-95.5,-95.5,-95.5,-95.5,-95.5,-95.5,-95.5,-95.5,-95.5,-95.5,-95.5,-95.5,-95.5,-96.5,-96.5,-97.5,-98.5,-99.5,-99.5,-99.5,-100.5,-100.5,-100.5,-100.5,-100.5,-101.5,-101.5,-101.5,-101.5,-101.5,-101.5,-101.5,-101.5,-101.5,-101.5,-101.5,-101.5,-101.5,-101.5,-101.5,-100.5,-100.5,-100.5,-99.5,-99.5,-100.5,-101.5,-103.5,-105.5,-105.5,-106.5,-106.5,-106.5,-106.5,-106.5,-107.5,-107.5,-107.5,-107.5,-107.5,-107.5,-107.5,-107.5,-107.5,-107.5,-107.5,-107.5,-107.5,-107.5,-107.5,-107.5,-107.5,-107.5,-107.5]","[0,0,0,0,0,0,0,0,0,0,0,0,0,0,0,0,0,0,0,0,0,0,0,0,0,0,0,0,0,0,0,0,0,0,0,0,0,0,0,0,0,0,0,0,0,1,1,1,1,1,1,1,1,1,1,1,1,1,1,1,1,1,1,1,1,1,1,1,1,1,1,1,1,1,0,0,0,0,0,0]","[0,0,0,0,0,0,0,0,0,0,0,0,0,0,0,0,0,0,0,0,0,0,0,0,0,0,0,0,0,0,0,0,0,0,0,0,0,0,0,0,0,0,0,0,0,0,0,0,0,0,0,0,0,0,0,0,0,0,0,0,0,0,0,0,0,0,0,0,0,0,0,0,0,0,0,0,0,0,0,0]","[0,0,0,0,0,0,0,0,0,0,0,0,0,0,0,0,0,0,0,0,0,0,0,0,0,0,0,0,0,0,0,0,0,0,0,0,0,0,0,0,0,0,0,0,0,0,0,0,0,0,0,0,0,0,0,0,0,0,0,0,0,0,0,0,0,0,0,0,0,0,0,0,0,0,0,0,0,0,0,0]","[0,0.014999866485595703,0.031999826431274414,0.04799985885620117,0.06499981880187988,0.0820000171661377,0.09799981117248535,0.11500000953674316,0.13199996948242188,0.14899992942810059,0.16499996185302734,0.18199992179870605,0.1979999542236328,0.21499991416931152,0.23199987411499023,0.24899983406066895,0.2649998664855957,0.2819998264312744,0.2989997863769531,0.3149998188018799,0.3320000171661377,0.3489999771118164,0.36500000953674316,0.3819999694824219,0.3989999294281006,0.4159998893737793,0.43199992179870605,0.44899988174438477,0.4649999141693115,0.48199987411499023,0.49899983406066895,0.5149998664855957,0.5319998264312744,0.5489997863769531,0.5649998188018799,0.5820000171661377,0.5989999771118164,0.6150000095367432,0.6319999694824219,0.6489999294281006,0.6649999618530273,0.681999921798706,0.6989998817443848,0.7149999141693115,0.7319998741149902,0.748999834060669,0.7649998664855957,0.7819998264312744,0.7989997863769531,0.8149998188018799,0.8320000171661377,0.8489999771118164,0.8650000095367432,0.8819999694824219,0.8989999294281006,0.9149999618530273,0.931999921798706,0.9489998817443848,0.9649999141693115,0.9829998016357422,0.998999834060669,1.0159997940063477,1.0319998264312744,1.0489997863769531,1.0649998188018799,1.0820000171661377,1.0979998111724854,1.1150000095367432,1.1319999694824219,1.1489999294281006,1.1649999618530273,1.181999921798706,1.1989998817443848,1.2149999141693115,1.2319998741149902,1.247999906539917,1.2649998664855957,1.2819998264312744,1.2979998588562012,1.3149998188018799]",space,1.31099987,500,0.946666667,8,0,8,0,1,7,
,,,,,,,,,,,,,,,,,,,,,,,,,,,,,,,,,,,,,,,,,,,,,,1,0,1,0,1,0,,,,,,,PilotWJ1,26,Male,2020-07-13_15h59.00.391,AvatarManual,3.2.2,Win32,60,,,,,,,,,,,,,,,,,,,,,,,,,,,,,,,,,,,,,,,,,,,,,"[173,172,169,166,159,153,143,133,125,120,117,115,109,103,95,83,73,64,56,49,37,22,11,7,7,7,7,7,7,7,7,7,7,7,6,6,6,6,6,6,5,4,2,1,1,1,0,-2,-6,-10,-14,-19,-32,-49,-69,-93,-112,-134,-151,-168,-183,-195,-199,-200,-200,-200,-200,-200,-200,-200,-200,-200,-200,-200,-200,-200,-200,-200,-200,-200,-200,-200,-200,-200,-200,-199,-196,-192,-185,-174,-166,-159,-156,-155,-155,-152,-149,-146,-144,-143,-143,-142,-142,-142,-142,-142,-142,-142,-142,-142,-142,-142,-142,-142,-142,-142,-142,-142,-142,-142,-142,-142,-142,-142,-142,-143,-144,-146,-148,-149,-149,-150,-150,-150,-150,-150,-150,-150,-150,-150,-150,-150,-150,-150,-150,-150,-150,-150,-149,-145,-140,-136,-132,-129,-128,-127,-127,-127,-127]","[-107.5,-107.5,-107.5,-107.5,-107.5,-107.5,-106.5,-106.5,-106.5,-106.5,-106.5,-106.5,-106.5,-105.5,-105.5,-105.5,-105.5,-105.5,-104.5,-104.5,-103.5,-102.5,-102.5,-102.5,-102.5,-102.5,-102.5,-102.5,-102.5,-102.5,-102.5,-102.5,-102.5,-102.5,-101.5,-101.5,-101.5,-101.5,-101.5,-101.5,-101.5,-100.5,-100.5,-100.5,-100.5,-100.5,-100.5,-100.5,-100.5,-100.5,-99.5,-99.5,-97.5,-97.5,-97.5,-96.5,-95.5,-94.5,-92.5,-92.5,-91.5,-90.5,-90.5,-90.5,-90.5,-90.5,-90.5,-90.5,-90.5,-90.5,-90.5,-90.5,-90.5,-90.5,-90.5,-90.5,-90.5,-90.5,-90.5,-90.5,-90.5,-90.5,-90.5,-90.5,-90.5,-90.5,-90.5,-91.5,-92.5,-92.5,-93.5,-93.5,-93.5,-93.5,-93.5,-94.5,-95.5,-96.5,-96.5,-96.5,-96.5,-96.5,-96.5,-96.5,-96.5,-96.5,-96.5,-96.5,-96.5,-96.5,-96.5,-96.5,-96.5,-96.5,-96.5,-96.5,-96.5,-97.5,-97.5,-97.5,-97.5,-97.5,-97.5,-97.5,-97.5,-97.5,-97.5,-97.5,-96.5,-96.5,-96.5,-96.5,-96.5,-96.5,-96.5,-96.5,-96.5,-96.5,-96.5,-96.5,-96.5,-96.5,-96.5,-96.5,-96.5,-96.5,-96.5,-96.5,-96.5,-96.5,-98.5,-100.5,-101.5,-103.5,-104.5,-104.5,-104.5,-104.5,-104.5]","[0,0,0,0,0,0,0,0,0,0,0,0,0,0,0,0,0,0,0,0,0,0,0,0,0,0,0,0,0,0,0,0,0,0,0,0,0,0,0,0,0,1,1,1,1,1,1,1,1,1,1,1,1,1,1,1,1,1,1,1,1,1,1,1,1,1,1,1,1,1,1,1,1,0,0,0,0,0,0,0,0,0,0,0,0,0,0,0,0,0,0,0,0,0,0,0,0,0,0,0,0,0,0,0,0,1,1,1,1,1,1,1,0,0,0,0,0,0,0,1,1,1,1,1,1,1,1,1,1,1,1,1,1,1,1,1,1,1,1,1,1,1,0,0,0,0,0,0,0,0,0,0,0,0,0,0,0,0,0]","[0,0,0,0,0,0,0,0,0,0,0,0,0,0,0,0,0,0,0,0,0,0,0,0,0,0,0,0,0,0,0,0,0,0,0,0,0,0,0,0,0,0,0,0,0,0,0,0,0,0,0,0,0,0,0,0,0,0,0,0,0,0,0,0,0,0,0,0,0,0,0,0,0,0,0,0,0,0,0,0,0,0,0,0,0,0,0,0,0,0,0,0,0,0,0,0,0,0,0,0,0,0,0,0,0,0,0,0,0,0,0,0,0,0,0,0,0,0,0,0,0,0,0,0,0,0,0,0,0,0,0,0,0,0,0,0,0,0,0,0,0,0,0,0,0,0,0,0,0,0,0,0,0,0,0,0,0,0,0]","[0,0,0,0,0,0,0,0,0,0,0,0,0,0,0,0,0,0,0,0,0,0,0,0,0,0,0,0,0,0,0,0,0,0,0,0,0,0,0,0,0,0,0,0,0,0,0,0,0,0,0,0,0,0,0,0,0,0,0,0,0,0,0,0,0,0,0,0,0,0,0,0,0,0,0,0,0,0,0,0,0,0,0,0,0,0,0,0,0,0,0,0,0,0,0,0,0,0,0,0,0,0,0,0,0,0,0,0,0,0,0,0,0,0,0,0,0,0,0,0,0,0,0,0,0,0,0,0,0,0,0,0,0,0,0,0,0,0,0,0,0,0,0,0,0,0,0,0,0,0,0,0,0,0,0,0,0,0,0]","[0,0.016000032424926758,0.03299999237060547,0.04900002479553223,0.06599998474121094,0.08299994468688965,0.0989999771118164,0.11599993705749512,0.13299989700317383,0.14899992942810059,0.1659998893737793,0.182999849319458,0.19899988174438477,0.21599984169006348,0.2329998016357422,0.24899983406066895,0.26600003242492676,0.28299999237060547,0.2990000247955322,0.31599998474121094,0.33299994468688965,0.3489999771118164,0.3659999370574951,0.38299989700317383,0.3989999294281006,0.4159998893737793,0.43199992179870605,0.44899988174438477,0.4659998416900635,0.48199987411499023,0.49899983406066895,0.5160000324249268,0.5319998264312744,0.5490000247955322,0.5699999332427979,0.6029999256134033,0.6189999580383301,0.6339998245239258,0.6519999504089355,0.6659998893737793,0.7369999885559082,0.748999834060669,0.7660000324249268,0.7829999923706055,0.7990000247955322,0.8159999847412109,0.8320000171661377,0.8489999771118164,0.8659999370574951,0.8829998970031738,0.8999998569488525,0.9159998893737793,0.932999849319458,0.9489998817443848,0.9659998416900635,0.9829998016357422,0.998999834060669,1.0169999599456787,1.0329999923706055,1.0499999523162842,1.065999984741211,1.0829999446868896,1.0999999046325684,1.1159999370574951,1.1319999694824219,1.1489999294281006,1.1659998893737793,1.181999921798706,1.1989998817443848,1.2159998416900635,1.2319998741149902,1.248999834060669,1.2660000324249268,1.2819998264312744,1.2990000247955322,1.315999984741211,1.3320000171661377,1.3519999980926514,1.369999885559082,1.3829998970031738,1.4029998779296875,1.426999807357788,1.432999849319458,1.4489998817443848,1.4659998416900635,1.4839999675750732,1.500999927520752,1.5179998874664307,1.5329999923706055,1.5499999523162842,1.565999984741211,1.5829999446868896,1.5989999771118164,1.6159999370574951,1.6319999694824219,1.6499998569488525,1.6659998893737793,1.682999849319458,1.6999998092651367,1.7159998416900635,1.7319998741149902,1.748999834060669,1.7660000324249268,1.7819998264312744,1.7990000247955322,1.815999984741211,1.8329999446868896,1.8489999771118164,1.8659999370574951,1.8819999694824219,1.8989999294281006,1.9159998893737793,1.931999921798706,1.9489998817443848,1.9659998416900635,1.9819998741149902,1.998999834060669,2.0160000324249268,2.0319998264312744,2.0490000247955322,2.065999984741211,2.0820000171661377,2.0989999771118164,2.115999937057495,2.131999969482422,2.1489999294281006,2.1659998893737793,2.182999849319458,2.1989998817443848,2.2159998416900635,2.2319998741149902,2.248999834060669,2.2660000324249268,2.2819998264312744,2.2990000247955322,2.315999984741211,2.3320000171661377,2.3489999771118164,2.365999937057495,2.381999969482422,2.3989999294281006,2.4159998893737793,2.431999921798706,2.4499998092651367,2.4659998416900635,2.4819998741149902,2.498999834060669,2.5160000324249268,2.5319998264312744,2.5490000247955322,2.565999984741211,2.5829999446868896,2.5989999771118164,2.616999864578247,2.632999897003174,2.6489999294281006,2.6659998893737793,2.681999921798706,2.6989998817443848]",space,2.684000015,200,-0.993333333,8,0,8,0,1,7,
,,,,,,,,,,,,,,,,,,,,,,,,,,,,,,,,,,,,,,,,,,,,,,1,0,1,0,1,0,,,,,,,PilotWJ1,26,Male,2020-07-13_15h59.00.391,AvatarManual,3.2.2,Win32,60,,,,,,,,,,,,,,,,,,,,,,,,,,,,,,,,,,,,,,,,,,,,,"[-127,-127,-127,-127,-127,-127,-127,-127,-127,-127,-127,-127,-126,-123,-120,-115,-109,-101,-91,-87,-84,-84,-84,-84,-84,-83,-82,-79,-76,-72,-67,-63,-58,-54,-51,-47,-45,-44,-43,-42,-42,-41,-39,-36,-33,-30,-29,-27,-25,-23,-20,-18,-16,-16,-15,-15,-14,-13,-13,-13,-13,-13,-11,-9,-8,-6,-5,-4,-3,-3,-2,-1,-1,-1,-1,-1,-1,0,0,0,0,0,0,0,0,0,0,0,0,0,0,0,0,0,0,0,0,0,0,0,0,0,0,0,0,0,0,0,0,0,0,0,0,0,0,0,0,0,0,0,0,0,0,0,0,0,0,0,0,0,0,0,0,0,0,0,0,0,0,0,0,0,0,0,0,0,0,0,0,0,0,0,0,0,0,0,0,0,0,0,0,0,0,0,0,0,0,0,0,0,0,0,0,0,0,0,0,0,1,3,6,7,9,14,21,29,34,39,43,44,45,46,47,48,49,50,51,52,53,55,57,58,60,60,60,60,62,64,65,65,65,65,65,65,65,65,65,65,65,65,65,66,66,67,68,68,69,69,70,70,71,71,71,71,71,71,71,71,71,71,71,71,71,71,71,71,71,71,71,71,71,71,71,71]","[-104.5,-104.5,-104.5,-104.5,-104.5,-104.5,-104.5,-104.5,-104.5,-104.5,-104.5,-104.5,-104.5,-104.5,-104.5,-103.5,-102.5,-102.5,-99.5,-99.5,-98.5,-98.5,-98.5,-98.5,-98.5,-98.5,-98.5,-98.5,-98.5,-98.5,-98.5,-98.5,-98.5,-98.5,-98.5,-98.5,-98.5,-98.5,-98.5,-98.5,-98.5,-98.5,-98.5,-98.5,-98.5,-98.5,-98.5,-98.5,-98.5,-98.5,-98.5,-98.5,-98.5,-98.5,-98.5,-98.5,-98.5,-98.5,-98.5,-98.5,-98.5,-98.5,-98.5,-99.5,-99.5,-99.5,-99.5,-99.5,-99.5,-99.5,-99.5,-99.5,-99.5,-99.5,-99.5,-99.5,-99.5,-99.5,-99.5,-99.5,-99.5,-99.5,-99.5,-99.5,-99.5,-99.5,-99.5,-99.5,-99.5,-99.5,-99.5,-99.5,-99.5,-99.5,-99.5,-99.5,-99.5,-99.5,-99.5,-99.5,-99.5,-99.5,-99.5,-99.5,-99.5,-99.5,-99.5,-99.5,-99.5,-99.5,-99.5,-99.5,-99.5,-99.5,-99.5,-99.5,-99.5,-99.5,-99.5,-99.5,-99.5,-99.5,-99.5,-99.5,-99.5,-99.5,-99.5,-99.5,-99.5,-99.5,-99.5,-99.5,-99.5,-99.5,-99.5,-99.5,-99.5,-99.5,-99.5,-99.5,-99.5,-99.5,-99.5,-99.5,-99.5,-99.5,-99.5,-99.5,-99.5,-99.5,-99.5,-99.5,-99.5,-99.5,-99.5,-99.5,-99.5,-99.5,-99.5,-99.5,-99.5,-99.5,-99.5,-99.5,-99.5,-99.5,-99.5,-99.5,-99.5,-99.5,-99.5,-99.5,-99.5,-99.5,-99.5,-99.5,-99.5,-99.5,-99.5,-99.5,-99.5,-99.5,-99.5,-100.5,-100.5,-100.5,-101.5,-101.5,-101.5,-101.5,-101.5,-101.5,-101.5,-101.5,-101.5,-101.5,-102.5,-102.5,-102.5,-102.5,-102.5,-102.5,-102.5,-103.5,-103.5,-103.5,-103.5,-103.5,-103.5,-103.5,-103.5,-103.5,-103.5,-103.5,-103.5,-103.5,-103.5,-103.5,-103.5,-103.5,-103.5,-103.5,-103.5,-103.5,-103.5,-103.5,-103.5,-103.5,-103.5,-103.5,-103.5,-103.5,-103.5,-103.5,-103.5,-103.5,-103.5,-103.5,-103.5,-103.5,-103.5,-103.5,-103.5,-103.5,-103.5,-103.5,-103.5,-103.5,-103.5,-103.5,-103.5,-103.5,-103.5,-103.5]","[0,0,0,0,0,0,0,0,0,0,0,0,0,0,0,0,0,0,0,0,0,0,0,0,0,0,0,0,0,0,0,0,0,0,0,0,0,0,0,0,0,0,0,0,0,0,0,0,0,0,0,0,0,0,0,0,0,0,0,0,0,0,0,0,0,0,0,0,0,0,0,0,0,0,0,0,0,0,0,0,0,0,0,0,0,0,0,0,0,0,0,0,0,0,0,0,0,0,0,0,0,0,0,0,0,0,0,0,0,0,0,0,0,0,0,0,0,0,0,0,0,0,0,0,0,0,0,0,0,0,0,0,0,0,0,0,0,0,0,0,0,0,0,0,0,0,0,0,0,0,0,0,0,0,0,0,0,0,0,0,0,0,0,0,0,0,0,0,0,0,0,0,0,0,0,1,1,1,1,1,1,1,1,1,1,1,1,1,1,1,1,1,1,1,1,1,1,1,1,1,1,1,1,1,1,1,1,1,1,1,1,1,1,1,1,1,1,1,1,1,1,1,1,1,1,1,1,1,1,1,1,1,1,1,1,1,1,1,1,1,1,1,1,1,1,1,0,0,0,0,0,0,0,0]","[0,0,0,0,0,0,0,0,0,0,0,0,0,0,0,0,0,0,0,0,0,0,0,0,0,0,0,0,0,0,0,0,0,0,0,0,0,0,0,0,0,0,0,0,0,0,0,0,0,0,0,0,0,0,0,0,0,0,0,0,0,0,0,0,0,0,0,0,0,0,0,0,0,0,0,0,0,0,0,0,0,0,0,0,0,0,0,0,0,0,0,0,0,0,0,0,0,0,0,0,0,0,0,0,0,0,0,0,0,0,0,0,0,0,0,0,0,0,0,0,0,0,0,0,0,0,0,0,0,0,0,0,0,0,0,0,0,0,0,0,0,0,0,0,0,0,0,0,0,0,0,0,0,0,0,0,0,0,0,0,0,0,0,0,0,0,0,0,0,0,0,0,0,0,0,0,0,0,0,0,0,0,0,0,0,0,0,0,0,0,0,0,0,0,0,0,0,0,0,0,0,0,0,0,0,0,0,0,0,0,0,0,0,0,0,0,0,0,0,0,0,0,0,0,0,0,0,0,0,0,0,0,0,0,0,0,0,0,0,0,0,0,0,0,0,0,0,0,0,0,0,0,0,0]","[0,0,0,0,0,0,0,0,0,0,0,0,0,0,0,0,0,0,0,0,0,0,0,0,0,0,0,0,0,0,0,0,0,0,0,0,0,0,0,0,0,0,0,0,0,0,0,0,0,0,0,0,0,0,0,0,0,0,0,0,0,0,0,0,0,0,0,0,0,0,0,0,0,0,0,0,0,0,0,0,0,0,0,0,0,0,0,0,0,0,0,0,0,0,0,0,0,0,0,0,0,0,0,0,0,0,0,0,0,0,0,0,0,0,0,0,0,0,0,0,0,0,0,0,0,0,0,0,0,0,0,0,0,0,0,0,0,0,0,0,0,0,0,0,0,0,0,0,0,0,0,0,0,0,0,0,0,0,0,0,0,0,0,0,0,0,0,0,0,0,0,0,0,0,0,0,0,0,0,0,0,0,0,0,0,0,0,0,0,0,0,0,0,0,0,0,0,0,0,0,0,0,0,0,0,0,0,0,0,0,0,0,0,0,0,0,0,0,0,0,0,0,0,0,0,0,0,0,0,0,0,0,0,0,0,0,0,0,0,0,0,0,0,0,0,0,0,0,0,0,0,0,0,0]","[0,0.014999866485595703,0.031999826431274414,0.04799985885620117,0.06500005722045898,0.0820000171661377,0.09800004959106445,0.11500000953674316,0.13100004196166992,0.14800000190734863,0.16499996185302734,0.1809999942779541,0.1979999542236328,0.21499991416931152,0.23199987411499023,0.247999906539917,0.2649998664855957,0.2819998264312744,0.29799985885620117,0.315000057220459,0.33099985122680664,0.34800004959106445,0.36500000953674316,0.3810000419616699,0.39800000190734863,0.41499996185302734,0.43199992179870605,0.4479999542236328,0.4649999141693115,0.48199987411499023,0.497999906539917,0.5149998664855957,0.5319998264312744,0.5479998588562012,0.565000057220459,0.5820000171661377,0.5980000495910645,0.6150000095367432,0.6310000419616699,0.6480000019073486,0.6649999618530273,0.6809999942779541,0.6979999542236328,0.7149999141693115,0.7309999465942383,0.747999906539917,0.7649998664855957,0.7819998264312744,0.7979998588562012,0.815000057220459,0.8320000171661377,0.8480000495910645,0.8650000095367432,0.8819999694824219,0.8999998569488525,0.9149999618530273,0.931999921798706,0.9479999542236328,0.9649999141693115,0.9809999465942383,0.997999906539917,1.0149998664855957,1.0319998264312744,1.0490000247955322,1.065000057220459,1.0820000171661377,1.0980000495910645,1.1150000095367432,1.1319999694824219,1.1480000019073486,1.1649999618530273,1.181999921798706,1.1979999542236328,1.2149999141693115,1.2309999465942383,1.247999906539917,1.2649998664855957,1.2819998264312744,1.2979998588562012,1.315000057220459,1.3309998512268066,1.3480000495910645,1.3650000095367432,1.38100004196167,1.3980000019073486,1.4149999618530273,1.430999994277954,1.4479999542236328,1.4649999141693115,1.4809999465942383,1.497999906539917,1.5149998664855957,1.5319998264312744,1.5479998588562012,1.565000057220459,1.5809998512268066,1.5980000495910645,1.6150000095367432,1.6319999694824219,1.6489999294281006,1.6659998893737793,1.681999921798706,1.6989998817443848,1.7149999141693115,1.7319998741149902,1.747999906539917,1.7649998664855957,1.7819998264312744,1.7990000247955322,1.815000057220459,1.8320000171661377,1.8480000495910645,1.8650000095367432,1.8819999694824219,1.8989999294281006,1.9149999618530273,1.931999921798706,1.9479999542236328,1.9649999141693115,1.9819998741149902,1.998999834060669,2.0149998664855957,2.0319998264312744,2.047999858856201,2.065000057220459,2.0820000171661377,2.0989999771118164,2.115000009536743,2.131999969482422,2.1489999294281006,2.1659998893737793,2.181999921798706,2.197999954223633,2.2149999141693115,2.2319998741149902,2.248999834060669,2.2649998664855957,2.2819998264312744,2.297999858856201,2.315000057220459,2.3320000171661377,2.3489999771118164,2.365999937057495,2.381999969482422,2.3989999294281006,2.4149999618530273,2.431999921798706,2.4489998817443848,2.4649999141693115,2.4819998741149902,2.497999906539917,2.5149998664855957,2.5319998264312744,2.547999858856201,2.565000057220459,2.5809998512268066,2.5980000495910645,2.615000009536743,2.63100004196167,2.6480000019073486,2.6649999618530273,2.680999994277954,2.697999954223633,2.7149999141693115,2.7330000400543213,2.748999834060669,2.7649998664855957,2.7809998989105225,2.797999858856201,2.815000057220459,2.8309998512268066,2.8480000495910645,2.865000009536743,2.881999969482422,2.8980000019073486,2.9149999618530273,2.930999994277954,2.947999954223633,2.9649999141693115,2.9819998741149902,2.997999906539917,3.0149998664855957,3.0319998264312744,3.0490000247955322,3.065000057220459,3.0820000171661377,3.0980000495910645,3.115000009536743,3.131999969482422,3.1480000019073486,3.1649999618530273,3.181999921798706,3.197999954223633,3.2149999141693115,3.2319998741149902,3.247999906539917,3.2649998664855957,3.2819998264312744,3.297999858856201,3.315000057220459,3.3320000171661377,3.3489999771118164,3.365000009536743,3.381999969482422,3.3980000019073486,3.4149999618530273,3.431999921798706,3.4489998817443848,3.4649999141693115,3.4809999465942383,3.497999906539917,3.5149998664855957,3.5309998989105225,3.547999858856201,3.565000057220459,3.5809998512268066,3.5980000495910645,3.615000009536743,3.63100004196167,3.6480000019073486,3.6649999618530273,3.681999921798706,3.697999954223633,3.7159998416900635,3.7319998741149902,3.747999906539917,3.7669999599456787,3.7819998264312744,3.7990000247955322,3.815000057220459,3.8320000171661377,3.8480000495910645,3.865000009536743,3.881999969482422,3.8980000019073486,3.9149999618530273,3.931999921798706,3.9489998817443848,3.9649999141693115,3.9819998741149902,3.997999906539917,4.014999866485596,4.031999826431274,4.047999858856201,4.065000057220459,4.082000017166138,4.0980000495910645,4.115000009536743,4.13100004196167,4.148000001907349,4.164999961853027,4.180999994277954,4.198999881744385,4.2149999141693115]",space,4.197999954,400,0.473333333,8,0,8,0,1,7,
,,,,,,,,,,,,,,,,,,,,,,,,,,,,,,,,,,,,,,,,,,,,,,1,0,1,0,1,0,,,,,,,PilotWJ1,26,Male,2020-07-13_15h59.00.391,AvatarManual,3.2.2,Win32,60,,,,,,,,,,,,,,,,,,,,,,,,,,,,,,,,,,,,,,,,,,,,,"[71,71,71,71,71,71,71,71,71,71,71,71,71,71,71,71,71,71,71,71,71,71,71,71,71,71,71,71,71,71,71,71,69,67,64,59,56,52,48,46,45,44,43,43,42,42,41,39,38,36,33,29,25,19,11,2,-5,-7,-8,-11,-15,-19,-28,-36,-44,-53,-58,-62,-64,-65,-66,-66,-66,-66,-66,-66,-66,-66,-66,-66,-66,-66,-66,-66,-66,-66,-66,-66,-66,-66,-66,-66,-66,-66,-66,-66,-66,-66,-66,-66,-66,-66]","[-103.5,-103.5,-103.5,-103.5,-103.5,-103.5,-103.5,-103.5,-103.5,-103.5,-103.5,-103.5,-103.5,-103.5,-103.5,-103.5,-103.5,-103.5,-103.5,-103.5,-103.5,-103.5,-103.5,-103.5,-103.5,-103.5,-103.5,-103.5,-103.5,-103.5,-103.5,-103.5,-103.5,-103.5,-103.5,-102.5,-101.5,-100.5,-100.5,-99.5,-99.5,-99.5,-99.5,-98.5,-98.5,-98.5,-98.5,-98.5,-98.5,-97.5,-96.5,-96.5,-96.5,-95.5,-95.5,-94.5,-94.5,-94.5,-93.5,-93.5,-93.5,-94.5,-95.5,-97.5,-99.5,-100.5,-101.5,-101.5,-101.5,-101.5,-101.5,-101.5,-101.5,-101.5,-101.5,-101.5,-101.5,-101.5,-101.5,-101.5,-101.5,-101.5,-101.5,-101.5,-101.5,-101.5,-101.5,-101.5,-101.5,-101.5,-101.5,-101.5,-101.5,-101.5,-101.5,-101.5,-101.5,-101.5,-101.5,-101.5,-101.5,-101.5]","[0,0,0,0,0,0,0,0,0,0,0,0,0,0,0,0,0,0,0,0,0,0,0,0,0,0,0,0,0,0,0,0,0,0,0,0,0,0,0,0,0,0,0,0,0,0,0,0,0,0,0,0,0,0,0,0,0,0,0,0,0,0,0,0,0,0,0,0,0,0,0,0,0,0,1,1,1,1,1,1,1,1,0,0,0,0,0,0,0,0,0,0,0,0,0,0,0,0,0,0,0,0]","[0,0,0,0,0,0,0,0,0,0,0,0,0,0,0,0,0,0,0,0,0,0,0,0,0,0,0,0,0,0,0,0,0,0,0,0,0,0,0,0,0,0,0,0,0,0,0,0,0,0,0,0,0,0,0,0,0,0,0,0,0,0,0,0,0,0,0,0,0,0,0,0,0,0,0,0,0,0,0,0,0,0,0,0,0,0,0,0,0,0,0,0,0,0,0,0,0,0,0,0,0,0]","[0,0,0,0,0,0,0,0,0,0,0,0,0,0,0,0,0,0,0,0,0,0,0,0,0,0,0,0,0,0,0,0,0,0,0,0,0,0,0,0,0,0,0,0,0,0,0,0,0,0,0,0,0,0,0,0,0,0,0,0,0,0,0,0,0,0,0,0,0,0,0,0,0,0,0,0,0,0,0,0,0,0,0,0,0,0,0,0,0,0,0,0,0,0,0,0,0,0,0,0,0,0]","[0,0.01399993896484375,0.03099989891052246,0.04699993133544922,0.06399989128112793,0.07999992370605469,0.0970001220703125,0.11400008201599121,0.13000011444091797,0.14700007438659668,0.1640000343322754,0.1809999942779541,0.19700002670288086,0.21399998664855957,0.23099994659423828,0.24699997901916504,0.26399993896484375,0.28099989891052246,0.2969999313354492,0.31399989128112793,0.33100008964538574,0.3470001220703125,0.3640000820159912,0.38000011444091797,0.3970000743865967,0.4140000343322754,0.43000006675720215,0.44700002670288086,0.46399998664855957,0.4809999465942383,0.49699997901916504,0.5139999389648438,0.5320000648498535,0.5480000972747803,0.565000057220459,0.5810000896453857,0.5980000495910645,0.6140000820159912,0.6310000419616699,0.6470000743865967,0.6640000343322754,0.6809999942779541,0.6979999542236328,0.7149999141693115,0.7309999465942383,0.746999979019165,0.7630000114440918,0.7799999713897705,0.7969999313354492,0.8139998912811279,0.8310000896453857,0.8470001220703125,0.8640000820159912,0.8810000419616699,0.8970000743865967,0.9140000343322754,0.9300000667572021,0.9470000267028809,0.9639999866485596,0.9809999465942383,0.996999979019165,1.0139999389648438,1.0299999713897705,1.0469999313354492,1.063999891281128,1.0810000896453857,1.0970001220703125,1.1140000820159912,1.130000114440918,1.1480000019073486,1.1640000343322754,1.1800000667572021,1.1970000267028809,1.2139999866485596,1.2300000190734863,1.246999979019165,1.2639999389648438,1.2809998989105225,1.2969999313354492,1.313999891281128,1.3299999237060547,1.3470001220703125,1.3629999160766602,1.380000114440918,1.3959999084472656,1.4130001068115234,1.4300000667572021,1.4470000267028809,1.4630000591278076,1.4800000190734863,1.496999979019165,1.5130000114440918,1.5299999713897705,1.5469999313354492,1.562999963760376,1.5970001220703125,1.6129999160766602,1.630000114440918,1.6470000743865967,1.6630001068115234,1.6800000667572021,1.6970000267028809]",space,1.687999725,300,-0.44,8,0,8,0,1,7,
,,,,,,,,,,,,,,,,,,,,,,,,,,,,,,,,,,,,,,,,,,,,,,1,0,1,0,1,0,,,,,,,PilotWJ1,26,Male,2020-07-13_15h59.00.391,AvatarManual,3.2.2,Win32,60,,,,,,,,,,,,,,,,,,,,,,,,,,,,,,,,,,,,,,,,,,,,,"[-66,-66,-66,-66,-66,-66,-66,-66,-66,-66,-66,-66,-66,-66,-66,-66,-66,-66,-66,-66,-66,-66,-66,-66,-65,-60,-54,-44,-30,-15,-4,6,11,16,19,21,22,23,23,23,24,24,24,19,13,3,-9,-22,-36,-51,-63,-70,-72,-72,-72,-70,-62,-50,-32,-15,3,20,30,36,40,41,44,49,55,63,72,75,75,75,75,75,75,75,75,75,75,75,75,75,75,75,75,76,76,76,76,76,76,76,76,76,76,76,76,76,76]","[-101.5,-101.5,-101.5,-101.5,-101.5,-101.5,-101.5,-101.5,-101.5,-101.5,-101.5,-101.5,-101.5,-101.5,-101.5,-101.5,-101.5,-101.5,-101.5,-101.5,-101.5,-101.5,-101.5,-101.5,-101.5,-101.5,-101.5,-101.5,-101.5,-100.5,-100.5,-100.5,-100.5,-101.5,-101.5,-101.5,-101.5,-101.5,-101.5,-101.5,-101.5,-101.5,-101.5,-101.5,-101.5,-99.5,-97.5,-97.5,-96.5,-95.5,-95.5,-95.5,-95.5,-94.5,-94.5,-94.5,-95.5,-96.5,-97.5,-98.5,-99.5,-99.5,-99.5,-99.5,-99.5,-99.5,-99.5,-99.5,-99.5,-99.5,-99.5,-99.5,-99.5,-99.5,-99.5,-99.5,-99.5,-99.5,-99.5,-99.5,-99.5,-99.5,-99.5,-99.5,-99.5,-99.5,-99.5,-99.5,-99.5,-99.5,-99.5,-99.5,-99.5,-99.5,-99.5,-99.5,-99.5,-99.5,-99.5,-99.5,-99.5]","[0,0,0,0,0,0,0,0,0,0,0,0,0,0,0,0,0,0,0,0,0,0,0,0,0,0,0,0,0,0,0,0,0,0,0,0,0,0,0,0,0,0,0,0,0,0,0,0,0,0,0,0,0,0,0,0,0,0,0,0,0,0,0,0,0,0,0,0,0,0,0,0,0,0,0,0,0,1,1,1,1,1,1,0,0,0,0,0,0,0,0,0,0,0,0,0,0,0,0,0,0]","[0,0,0,0,0,0,0,0,0,0,0,0,0,0,0,0,0,0,0,0,0,0,0,0,0,0,0,0,0,0,0,0,0,0,0,0,0,0,0,0,0,0,0,0,0,0,0,0,0,0,0,0,0,0,0,0,0,0,0,0,0,0,0,0,0,0,0,0,0,0,0,0,0,0,0,0,0,0,0,0,0,0,0,0,0,0,0,0,0,0,0,0,0,0,0,0,0,0,0,0,0]","[0,0,0,0,0,0,0,0,0,0,0,0,0,0,0,0,0,0,0,0,0,0,0,0,0,0,0,0,0,0,0,0,0,0,0,0,0,0,0,0,0,0,0,0,0,0,0,0,0,0,0,0,0,0,0,0,0,0,0,0,0,0,0,0,0,0,0,0,0,0,0,0,0,0,0,0,0,0,0,0,0,0,0,0,0,0,0,0,0,0,0,0,0,0,0,0,0,0,0,0,0]","[0,0.016000032424926758,0.03299999237060547,0.04999995231628418,0.06599998474121094,0.08299994468688965,0.09999990463256836,0.11599993705749512,0.13299989700317383,0.15000009536743164,0.1659998893737793,0.1830000877380371,0.19899988174438477,0.21600008010864258,0.2330000400543213,0.25,0.26999998092651367,0.28299999237060547,0.2999999523162842,0.3169999122619629,0.33299994468688965,0.3489999771118164,0.3659999370574951,0.38299989700317383,0.40000009536743164,0.4159998893737793,0.4330000877380371,0.4500000476837158,0.46700000762939453,0.48399996757507324,0.5,0.5160000324249268,0.5339999198913574,0.5499999523162842,0.5669999122619629,0.5829999446868896,0.5999999046325684,0.6159999370574951,0.6329998970031738,0.6500000953674316,0.6670000553131104,0.6830000877380371,0.7000000476837158,0.7170000076293945,0.7330000400543213,0.75,0.7669999599456787,0.7829999923706055,0.7999999523162842,0.8159999847412109,0.8339998722076416,0.8499999046325684,0.8659999370574951,0.8829998970031738,0.9000000953674316,0.9159998893737793,0.9330000877380371,0.9500000476837158,0.9670000076293945,0.9830000400543213,1,1.0160000324249268,1.0329999923706055,1.0499999523162842,1.065999984741211,1.0829999446868896,1.0999999046325684,1.116999864578247,1.1329998970031738,1.1500000953674316,1.1670000553131104,1.183000087738037,1.2000000476837158,1.2160000801086426,1.2330000400543213,1.25,1.2660000324249268,1.2829999923706055,1.2990000247955322,1.315999984741211,1.3329999446868896,1.3489999771118164,1.3659999370574951,1.3829998970031738,1.4000000953674316,1.4159998893737793,1.433000087738037,1.4500000476837158,1.4660000801086426,1.4830000400543213,1.499000072479248,1.5160000324249268,1.5329999923706055,1.5490000247955322,1.565999984741211,1.5829999446868896,1.5989999771118164,1.6159999370574951,1.6329998970031738,1.6500000953674316,1.6659998893737793]",space,1.657999754,400,0.5,8,0,8,0,1,7,
,,,,,,,,,,,,,,,,,,,,,,,,,,,,,,,,,,,,,,,,,,,,,,1,0,1,0,1,0,,,,,,,PilotWJ1,26,Male,2020-07-13_15h59.00.391,AvatarManual,3.2.2,Win32,60,,,,,,,,,,,,,,,,,,,,,,,,,,,,,,,,,,,,,,,,,,,,,"[76,76,76,76,76,76,76,76,76,76,76,75,75,75,75,72,68,63,60,59,59,59,59,58,58,59,61,64,65,65,65,65,65,65,65,65,65,65,72,85,101,120,135,145,147,147,147,147,147,147,148,148,148,148,148,147,146,145,144,144,144,144,144,144,144,144,144,144,144,144,144,144,144,146,147,147,147,147,147,147,147,147,147,146,139,126,103,70,41,15,-5]","[-99.5,-99.5,-99.5,-99.5,-99.5,-99.5,-99.5,-99.5,-99.5,-99.5,-99.5,-99.5,-99.5,-99.5,-99.5,-98.5,-98.5,-97.5,-96.5,-96.5,-96.5,-96.5,-96.5,-96.5,-96.5,-96.5,-96.5,-96.5,-96.5,-96.5,-96.5,-96.5,-96.5,-96.5,-96.5,-96.5,-96.5,-96.5,-96.5,-96.5,-96.5,-96.5,-97.5,-98.5,-98.5,-98.5,-98.5,-98.5,-98.5,-98.5,-98.5,-98.5,-98.5,-98.5,-98.5,-98.5,-98.5,-98.5,-98.5,-98.5,-98.5,-98.5,-98.5,-98.5,-98.5,-98.5,-98.5,-98.5,-98.5,-98.5,-98.5,-99.5,-99.5,-99.5,-100.5,-100.5,-100.5,-100.5,-100.5,-100.5,-100.5,-100.5,-101.5,-101.5,-102.5,-102.5,-102.5,-101.5,-100.5,-98.5,-98.5]","[0,0,0,0,0,0,0,0,0,0,0,0,0,0,0,0,0,0,0,0,0,0,0,0,0,0,0,0,0,0,0,0,0,0,0,0,0,0,0,0,0,0,0,0,0,0,0,0,0,0,0,0,0,0,0,0,0,0,0,0,0,0,0,1,1,1,1,1,1,1,1,0,0,0,0,0,0,0,0,0,0,0,0,0,0,0,0,0,0,0,0]","[0,0,0,0,0,0,0,0,0,0,0,0,0,0,0,0,0,0,0,0,0,0,0,0,0,0,0,0,0,0,0,0,0,0,0,0,0,0,0,0,0,0,0,0,0,0,0,0,0,0,0,0,0,0,0,0,0,0,0,0,0,0,0,0,0,0,0,0,0,0,0,0,0,0,0,0,0,0,0,0,0,0,0,0,0,0,0,0,0,0,0]","[0,0,0,0,0,0,0,0,0,0,0,0,0,0,0,0,0,0,0,0,0,0,0,0,0,0,0,0,0,0,0,0,0,0,0,0,0,0,0,0,0,0,0,0,0,0,0,0,0,0,0,0,0,0,0,0,0,0,0,0,0,0,0,0,0,0,0,0,0,0,0,0,0,0,0,0,0,0,0,0,0,0,0,0,0,0,0,0,0,0,0]","[0,0.016000032424926758,0.031999826431274414,0.04900002479553223,0.06599998474121094,0.0820000171661377,0.0989999771118164,0.11599993705749512,0.13299989700317383,0.14899992942810059,0.1659998893737793,0.182999849319458,0.19899988174438477,0.21599984169006348,0.23199987411499023,0.24899983406066895,0.26600003242492676,0.28299999237060547,0.2990000247955322,0.31599998474121094,0.33299994468688965,0.3489999771118164,0.3659999370574951,0.38299989700317383,0.3989999294281006,0.4159998893737793,0.432999849319458,0.4499998092651367,0.4659998416900635,0.48199987411499023,0.49899983406066895,0.5160000324249268,0.5319998264312744,0.5499999523162842,0.5659999847412109,0.5829999446868896,0.5999999046325684,0.6169998645782471,0.6339998245239258,0.6499998569488525,0.6679999828338623,0.6840000152587891,0.6999998092651367,0.7170000076293945,0.7339999675750732,0.75,0.7660000324249268,0.7819998264312744,0.7990000247955322,0.8159999847412109,0.8329999446868896,0.8489999771118164,0.8659999370574951,0.8829998970031738,0.8989999294281006,0.9159998893737793,0.932999849319458,0.9499998092651367,0.9659998416900635,0.9830000400543213,0.998999834060669,1.0160000324249268,1.0329999923706055,1.0490000247955322,1.065999984741211,1.0829999446868896,1.0999999046325684,1.1159999370574951,1.1329998970031738,1.1499998569488525,1.1659998893737793,1.182999849319458,1.1989998817443848,1.2159998416900635,1.2330000400543213,1.248999834060669,1.2660000324249268,1.2829999923706055,1.2990000247955322,1.315999984741211,1.3320000171661377,1.3489999771118164,1.3659999370574951,1.3829998970031738,1.3989999294281006,1.4159998893737793,1.432999849319458,1.4489998817443848,1.4659998416900635,1.4830000400543213,1.5]",space,1.486999989,500,0.96,8,0,8,0,1,7,
,,,,,,,,,,,,,,,,,,,,,,,,,,,,,,,,,,,,,,,,,,,,,,1,0,1,0,1,0,,,,,,,PilotWJ1,26,Male,2020-07-13_15h59.00.391,AvatarManual,3.2.2,Win32,60,,,,,,,,,,,,,,,,,,,,,,,,,,,,,,,,,,,,,,,,,,,,,"[-5,-16,-20,-20,-20,-20,-20,-20,-20,-20,-20,-20,-20,-21,-24,-31,-38,-46,-53,-57,-60,-65,-73,-81,-87,-90,-91,-91,-91,-91,-91,-91,-91,-91,-91,-91,-91,-90,-83,-75,-64,-57,-56,-56,-56,-56,-59,-66,-75,-87,-98,-106,-112,-113,-113,-113,-113,-113,-113,-114,-117,-122,-129,-135,-138,-139,-139,-140,-141,-141,-142,-142,-142,-142,-142,-142,-142,-142,-142,-142,-142,-142,-142,-142,-142,-142,-142,-142,-142,-142,-139,-136,-133,-131,-126,-122,-115,-103,-89,-77,-68,-64,-63,-62,-62,-62,-62]","[-98.5,-97.5,-96.5,-96.5,-96.5,-96.5,-96.5,-96.5,-96.5,-96.5,-96.5,-96.5,-96.5,-96.5,-96.5,-96.5,-96.5,-95.5,-95.5,-95.5,-95.5,-95.5,-94.5,-94.5,-94.5,-94.5,-94.5,-94.5,-94.5,-94.5,-94.5,-94.5,-94.5,-94.5,-94.5,-94.5,-94.5,-95.5,-96.5,-97.5,-98.5,-99.5,-99.5,-99.5,-99.5,-99.5,-99.5,-99.5,-99.5,-99.5,-99.5,-99.5,-99.5,-99.5,-99.5,-99.5,-99.5,-99.5,-99.5,-99.5,-98.5,-98.5,-98.5,-97.5,-97.5,-97.5,-97.5,-96.5,-96.5,-96.5,-96.5,-96.5,-96.5,-96.5,-96.5,-96.5,-96.5,-96.5,-96.5,-96.5,-96.5,-96.5,-96.5,-96.5,-96.5,-96.5,-96.5,-96.5,-96.5,-96.5,-96.5,-96.5,-97.5,-99.5,-100.5,-100.5,-100.5,-101.5,-101.5,-102.5,-103.5,-103.5,-103.5,-103.5,-103.5,-103.5,-103.5]","[0,0,0,0,0,0,0,0,0,0,0,0,0,0,0,0,0,0,0,0,0,0,0,0,0,0,0,0,0,0,0,0,0,0,0,0,0,0,0,0,0,0,0,0,0,0,0,0,0,0,0,0,0,0,0,0,0,0,0,0,0,0,0,0,0,0,0,0,0,0,0,0,1,1,1,1,1,1,1,0,0,0,0,0,0,0,0,0,0,0,0,0,0,0,0,0,0,0,0,0,0,0,0,0,0,0,0]","[0,0,0,0,0,0,0,0,0,0,0,0,0,0,0,0,0,0,0,0,0,0,0,0,0,0,0,0,0,0,0,0,0,0,0,0,0,0,0,0,0,0,0,0,0,0,0,0,0,0,0,0,0,0,0,0,0,0,0,0,0,0,0,0,0,0,0,0,0,0,0,0,0,0,0,0,0,0,0,0,0,0,0,0,0,0,0,0,0,0,0,0,0,0,0,0,0,0,0,0,0,0,0,0,0,0,0]","[0,0,0,0,0,0,0,0,0,0,0,0,0,0,0,0,0,0,0,0,0,0,0,0,0,0,0,0,0,0,0,0,0,0,0,0,0,0,0,0,0,0,0,0,0,0,0,0,0,0,0,0,0,0,0,0,0,0,0,0,0,0,0,0,0,0,0,0,0,0,0,0,0,0,0,0,0,0,0,0,0,0,0,0,0,0,0,0,0,0,0,0,0,0,0,0,0,0,0,0,0,0,0,0,0,0,0]","[0,0.016000032424926758,0.03299999237060547,0.04900002479553223,0.06599998474121094,0.0820000171661377,0.0989999771118164,0.11599993705749512,0.13199996948242188,0.14899992942810059,0.1659998893737793,0.182999849319458,0.19999980926513672,0.21700000762939453,0.2349998950958252,0.25,0.2669999599456787,0.2839999198913574,0.2999999523162842,0.3169999122619629,0.3339998722076416,0.34999990463256836,0.36699986457824707,0.3839998245239258,0.39999985694885254,0.4159998893737793,0.432999849319458,0.44899988174438477,0.4659998416900635,0.4830000400543213,0.5,0.5160000324249268,0.5329999923706055,0.5490000247955322,0.5659999847412109,0.5829999446868896,0.5999999046325684,0.6169998645782471,0.6329998970031738,0.6510000228881836,0.6669998168945312,0.6840000152587891,0.6999998092651367,0.7159998416900635,0.7330000400543213,0.75,0.7669999599456787,0.7839999198913574,0.7999999523162842,0.8169999122619629,0.8339998722076416,0.8499999046325684,0.8669998645782471,0.8839998245239258,0.8989999294281006,0.9159998893737793,0.932999849319458,0.9499998092651367,0.9659998416900635,0.9869999885559082,1,1.0179998874664307,1.0329999923706055,1.0490000247955322,1.065999984741211,1.0829999446868896,1.0989999771118164,1.1159999370574951,1.1329998970031738,1.1489999294281006,1.1659998893737793,1.181999921798706,1.1989998817443848,1.2159998416900635,1.2330000400543213,1.248999834060669,1.2660000324249268,1.2829999923706055,1.2990000247955322,1.315999984741211,1.3320000171661377,1.3489999771118164,1.3659999370574951,1.3829998970031738,1.3999998569488525,1.4159998893737793,1.432999849319458,1.4499998092651367,1.4659998416900635,1.4849998950958252,1.500999927520752,1.5169999599456787,1.5339999198913574,1.5499999523162842,1.565999984741211,1.5829999446868896,1.5989999771118164,1.6159999370574951,1.6329998970031738,1.6499998569488525,1.6659998893737793,1.682999849319458,1.6999998092651367,1.7159998416900635,1.7319998741149902,1.748999834060669,1.7660000324249268]",space,1.763999939,200,-0.946666667,8,0,8,0,1,7,
,,,,,,,,,,,,,,,,,,,,,,,,,,,,,,,,,,,,,,,,,,,,,,,,,,,,,,,,,,PilotWJ1,26,Male,2020-07-13_15h59.00.391,AvatarManual,3.2.2,Win32,60,,,,,,,,,,,,,,,,,,,,,,,,,,,,,,,,,,,,,,,,,,,,,,,,,,,,,,,,,,,,,130542
